Workbook

Sheet ALL STOCK
A1: FILM STOCK 30TH APRIL 26
A2: ITEMTYPE | B2: ITEMSUBTYPE | C2: ITEMCODE | D2: ITEMNAME | E2: THICKNESS | F2: WIDTH | G2: STORESTOCK | H2: QCHOLD | I2: LAST30CONS | J2: PENDINGPO | K2: QCPENDING | L2: PROCESSSTOCK | M2: PENDINGMOVEMENT | N2: Total Stock
A3: BOPP | B3: BOPP TAPE GRADE | C3: 101558 | D3: 21MIC X 760MM TAPE GRADE BOPP | E3: 21 | F3: 760 | G3: 0 | H3: 0 | I3: 0 | J3: 0 | K3: 0 | L3: 72.2 | M3: 0 | N3: 72.2
A4: BOPP | B4: BOPP TAPE GRADE | C4: 101398 | D4: 21MIC X 990MM TAPE GRADE BOPP | E4: 21 | F4: 990 | G4: 1409.28 | H4: 0 | I4: 0 | J4: 0 | K4: 0 | L4: 0 | M4: 0 | N4: 1409.28
A5: BOPP | B5: BOPP TAPE GRADE | C5: 105164 | D5: 21MIC X 1050MM TAPE GRADE BOPP | E5: 21 | F5: 1050 | G5: 212.7 | H5: 0 | I5: 1004.17 | J5: 3000 | K5: 0 | L5: 0 | M5: 0 | N5: 212.7
A6: BOPP | B6: BOPP TAPE GRADE | C6: 105182 | D6: 21MIC X 1200MM TAPE GRADE BOPP | E6: 21 | F6: 1200 | G6: 1454.94 | H6: 0 | I6: 0 | J6: 500 | K6: 0 | L6: 0 | M6: 0 | N6: 1454.94
A7: BOPP | B7: BOPP TRANS BST | C7: 104237 | D7: 8MIC X 785MM TPT BOPP BST | E7: 8 | F7: 785 | G7: 115 | H7: 0 | I7: 0 | J7: 0 | K7: 0 | L7: 0 | M7: 0 | N7: 115
A8: BOPP | B8: BOPP TRANS BST | C8: 104787 | D8: 12MIC X 949MM TPT BOPP BST | E8: 12 | F8: 949 | G8: 2650.96 | H8: 0 | I8: 3094.29 | J8: 574.46 | K8: 0 | L8: 0 | M8: 0 | N8: 2650.96
A9: BOPP | B9: BOPP TRANS BST | C9: 101016 | D9: 12MIC X 970MM TPT BOPP BST | E9: 12 | F9: 970 | G9: 3296.95 | H9: 0 | I9: 521.55 | J9: 33.5 | K9: 0 | L9: 0 | M9: 0 | N9: 3296.95
A10: BOPP | B10: BOPP TRANS BST | C10: 100197 | D10: 12MIC X 1005MM TPT BOPP BST | E10: 12 | F10: 1005 | G10: 291.72 | H10: 0 | I10: 0 | J10: 0 | K10: 0 | L10: 0 | M10: 286.6 | N10: 578.32
A11: BOPP | B11: BOPP TRANS BST | C11: 105114 | D11: 12MIC X 1075MM TPT BOPP BST | E11: 12 | F11: 1075 | G11: 1781.95 | H11: 0 | I11: 714.74 | J11: 0 | K11: 0 | L11: 0 | M11: 0 | N11: 1781.95
A12: BOPP | B12: BOPP TRANS BST | C12: 100199 | D12: 12MIC X 1080MM TPT BOPP BST | E12: 12 | F12: 1080 | G12: 802 | H12: 0 | I12: 795.4 | J12: 0 | K12: 0 | L12: 0 | M12: 0 | N12: 802
A13: BOPP | B13: BOPP TRANS BST | C13: 105113 | D13: 12MIC X 1109MM TPT BOPP BST | E13: 12 | F13: 1109 | G13: 3410.05 | H13: 0 | I13: 0 | J13: 620 | K13: 0 | L13: 0 | M13: 0 | N13: 3410.05
A14: BOPP | B14: BOPP TRANS BST | C14: 103662 | D14: 12MIC X 1125MM TPT BOPP BST | E14: 12 | F14: 1125 | G14: 0 | H14: 0 | I14: 0 | J14: 1750 | K14: 0 | L14: 0 | M14: 0 | N14: 0
... A321: POLYESTER | B321: POLYESTER(PLAIN) | C321: 103307 | D321: 10MIC X 1165MM PLAIN PET | E321: 10 | F321: 1165 | G321: 0 | H321: 0 | I321: 0 | J321: 0 | K321: 0 | L321: 104 | M321: 0 | N321: 104
A322: LASTRECEIPTDATE | B322: ITEMTYPE | C322: ITEMCODE | D322: ITEMNAME | E322: THICK | F322: WIDTH | G322: STORESTOCK | H322: QCHOLD | I322: LAST31CONS | J322: OPENORDER_KG | K322: PENDINGINDENT | L322: PROCESSSTOCK | M322: PENDINGMOVEMENT | N322: Total Stock
A323: 46028 | B323: PE(N) | C323: 102620 | D323: 18MIC X 1000MM NATURAL PE (NF) | E323: 18 | F323: 1000 | G323: 383.8 | H323: 0 | I323: 0 | J323: 0 | K323: 0 | L323: 0 | M323: 0 | N323: 383.8
A324: 46015 | B324: PE(N) | C324: 105012 | D324: 18MIC X 1071MM NATURAL PE (NF PEPSICO) | E324: 18 | F324: 1071 | G324: 61 | H324: 0 | I324: 0 | J324: 0 | K324: 0 | L324: 0 | M324: 0 | N324: 61
A325: 46067 | B325: PE(N) | C325: 104921 | D325: 18MIC X 1100MM NATURAL PE (NF BINGO) | E325: 18 | F325: 1100 | G325: 217 | H325: 0 | I325: 0 | J325: 0 | K325: 0 | L325: 0 | M325: 0 | N325: 217
A326: 45979 | B326: PE(N) | C326: 103668 | D326: 18MIC X 1115MM NATURAL PE (NF) | E326: 18 | F326: 1115 | G326: 160 | H326: 0 | I326: 0 | J326: 0 | K326: 0 | L326: 267 | M326: 0 | N326: 427
A327: 46130 | B327: PE(N) | C327: 104647 | D327: 18MIC X 1245MM NATURAL PE(NF BINGO) | E327: 18 | F327: 1245 | G327: 2468.7 | H327: 0 | I327: 0 | J327: 30000 | K327: 0 | L327: 0 | M327: 0 | N327: 2468.7
A328: 46118 | B328: PE(N) | C328: 103961 | D328: 20MIC X 705MM NATURAL PE(BREAD) | E328: 20 | F328: 705 | G328: 95.8 | H328: 0 | I328: 0 | J328: 0 | K328: 0 | L328: 0 | M328: 107 | N328: 202.8
A329: 46075 | B329: PE(N) | C329: 103461 | D329: 20MIC X 795MM NATURAL PE (FLOW WRAP-DISPOVAN) | E329: 20 | F329: 795 | G329: 132 | H329: 0 | I329: 0 | J329: 0 | K329: 0 | L329: 0 | M329: 0 | N329: 132
A330: 46118 | B330: PE(N) | C330: 105165 | D330: 20MIC X 815MM NATURAL PE(FLOW WRAP- DISPOVAN) | E330: 20 | F330: 815 | G330: 68 | H330: 0 | I330: 0 | J330: 0 | K330: 0 | L330: 0 | M330: 0 | N330: 68
A331: 46107 | B331: PE(N) | C331: 104019 | D331: 20MIC X 975MM NATURAL PE (CANDY OUTER) | E331: 20 | F331: 975 | G331: 56 | H331: 0 | I331: 0 | J331: 0 | K331: 0 | L331: 0 | M331: 0 | N331: 56
A332: 46026 | B332: PE(N) | C332: 100290 | D332: 20MIC X 1095MM NATURAL PE (NF) | E332: 20 | F332: 1095 | G332: 200 | H332: 0 | I332: 0 | J332: 0 | K332: 0 | L332: 0 | M332: 0 | N332: 200
A333: 46098 | B333: PE(N) | C333: 104175 | D333: 20MIC X 1190MM NATURAL PE (NF) | E333: 20 | F333: 1190 | G333: 1223.6 | H333: 0 | I333: 0 | J333: 0 | K333: 0 | L333: 0 | M333: 0 | N333: 1223.6
A334: 46129 | B334: PE(N) | C334: 103832 | D334: 21MIC X 855MM NATURAL PE (NF) | E334: 21 | F334: 855 | G334: 181 | H334: 0 | I334: 0 | J334: 0 | K334: 0 | L334: 0 | M334: 0 | N334: 181
... A373: 46067 | B373: PE(N) | C373: 100805 | D373: 30MIC X 870MM NATURAL PE (NF) | E373: 30 | F373: 870 | G373: 349 | H373: 0 | I373: 0 | J373: 0 | K373: 0 | L373: 0 | M373: 0 | N373: 349
B374: PE(N) | C374: 105213 | D374: 30MIC X 870MM NATURAL PE(TATA TEA) | E374: 30 | F374: 870 | G374: 453 | H374: 0 | I374: 0 | J374: 0 | K374: 0 | L374: 0 | M374: 0 | N374: 453
A375: 46134 | B375: PE(N) | C375: 104317 | D375: 30MIC X 885MM NATURAL PE (SALT POLY/SELANT GRADE) | E375: 30 | F375: 885 | G375: 3349.6 | H375: 0 | I375: 0 | J375: 1805.4 | K375: 1805.4 | L375: 0 | M375: 0 | N375: 3349.6
A376: 46134 | B376: PE(N) | C376: 103658 | D376: 30MIC X 915MM NATURAL PE (SEASONING) | E376: 30 | F376: 915 | G376: 263 | H376: 0 | I376: 0 | J376: 0 | K376: 0 | L376: 0 | M376: 0 | N376: 263
A377: 46070 | B377: PE(N) | C377: 104195 | D377: 30MIC X 915MM NATURAL PE (SOYABARI NF) | E377: 30 | F377: 915 | G377: 184 | H377: 0 | I377: 0 | J377: 0 | K377: 0 | L377: 0 | M377: 0 | N377: 184
A378: 46134 | B378: PE(N) | C378: 103404 | D378: 30MIC X 975MM NATURAL PE (NF) | E378: 30 | F378: 975 | G378: 193 | H378: 0 | I378: 0 | J378: 0 | K378: 0 | L378: 0 | M378: 0 | N378: 193
A379: 46117 | B379: PE(N) | C379: 105224 | D379: 30MIC X 1005MM NATURAL PE(TATA TEA) | E379: 30 | F379: 1005 | G379: 1233.2 | H379: 0 | I379: 0 | J379: 0 | K379: 0 | L379: 0 | M379: 0 | N379: 1233.2
A380: 46011 | B380: PE(N) | C380: 104806 | D380: 30MIC X 1050MM NATURAL PE(NF) | E380: 30 | F380: 1050 | G380: 156 | H380: 0 | I380: 0 | J380: 0 | K380: 0 | L380: 0 | M380: 0 | N380: 156
A381: 46086 | B381: PE(N) | C381: 100064 | D381: 32.5MIC X 705MM NATURAL PE ( TEA ) | E381: 32.5 | F381: 705 | G381: 100 | H381: 0 | I381: 0 | J381: 450 | K381: 0 | L381: 0 | M381: 0 | N381: 100
A382: 46040 | B382: PE(N) | C382: 103791 | D382: 32.5MIC X 1115MM NATURAL PE (NF-BINGO) | E382: 32.5 | F382: 1115 | G382: 591.8 | H382: 0 | I382: 0 | J382: 0 | K382: 0 | L382: 0 | M382: 0 | N382: 591.8
A383: 46116 | B383: PE(N) | C383: 101708 | D383: 35MIC X 655MM NATURAL PE (TEA) | E383: 35 | F383: 655 | G383: 71.4 | H383: 0 | I383: 0 | J383: 0 | K383: 0 | L383: 0 | M383: 0 | N383: 71.4
A384: 46115 | B384: PE(N) | C384: 104885 | D384: 35MIC X 1215MM NATURAL PE(NF) | E384: 35 | F384: 1215 | G384: 406.2 | H384: 0 | I384: 0 | J384: 0 | K384: 0 | L384: 95 | M384: 0 | N384: 501.2
A385: 46136 | B385: PE(N) | C385: 104807 | D385: 37.5MIC X 990MM NATURAL PE(NF BINGO) | E385: 37.5 | F385: 990 | G385: 5819.4 | H385: 0 | I385: 0 | J385: 0 | K385: 0 | L385: 0 | M385: 0 | N385: 5819.4
A386: 46014 | B386: PE(N) | C386: 104850 | D386: 37.5MIC X 1065MM NATURAL PE(NF BINGO) | E386: 37.5 | F386: 1065 | G386: 182 | H386: 0 | I386: 0 | J386: 0 | K386: 0 | L386: 0 | M386: 0 | N386: 182
... A427: 46111 | B427: PE(N) | C427: 103807 | D427: 55MIC X 1010MM NATURAL PE (GROCERY) | E427: 55 | F427: 1010 | G427: 95 | H427: 0 | I427: 0 | J427: 0 | K427: 0 | L427: 0 | M427: 0 | N427: 95
B428: PE(N) | C428: 105082 | D428: 55MIC X 1010MM NATURAL PE (BAJAJ OIL LAM 2.4ML M.T.HIGH CLEAR) | E428: 55 | F428: 1010 | G428: 60 | H428: 0 | I428: 0 | J428: 0 | K428: 0 | L428: 0 | M428: 0 | N428: 60
A429: 46132 | B429: PE(N) | C429: 103695 | D429: 55MIC X 1155MM NATURAL PE (BAJAJ OIL LAM 2.4ML M.T.HIGH CLEAR) | E429: 55 | F429: 1155 | G429: 483 | H429: 0 | I429: 0 | J429: 0 | K429: 0 | L429: 0 | M429: 0 | N429: 483
A430: 46073 | B430: PE(N) | C430: 100806 | D430: 60MIC X 655MM NATURAL PE (TEA 250GM) | E430: 60 | F430: 655 | G430: 12.6 | H430: 0 | I430: 0 | J430: 0 | K430: 0 | L430: 0 | M430: 0 | N430: 12.6
A431: 46072 | B431: PE(N) | C431: 101383 | D431: 60MIC X 795MM NATURAL PE (MILK POWDER) | E431: 60 | F431: 795 | G431: 377.4 | H431: 0 | I431: 0 | J431: 0 | K431: 0 | L431: 0 | M431: 41.5 | N431: 418.9
A432: 46121 | B432: PE(N) | C432: 101745 | D432: 60MIC X 855MM NATURAL PE (HIGH CLEAR) | E432: 60 | F432: 855 | G432: 92.8 | H432: 0 | I432: 0 | J432: 0 | K432: 0 | L432: 0 | M432: 0 | N432: 92.8
A433: 46093 | B433: PE(N) | C433: 105186 | D433: 60MIC X 1150MM NATURAL PE(SHRINK JUICE-K.D JAIN) | E433: 60 | F433: 1150 | G433: 0 | H433: 0 | I433: 0 | J433: 4000 | K433: 4000 | L433: 0 | M433: 0 | N433: 0
A434: 46102 | B434: PE(N) | C434: 104916 | D434: 60MIC X 1220MM WHITE PE (AASHIRVAAD ATTA 1KG) | E434: 60 | F434: 1220 | G434: 710.2 | H434: 0 | I434: 0 | J434: 0 | K434: 0 | L434: 0 | M434: 0 | N434: 710.2
A435: 46136 | B435: PE(N) | C435: 104456 | D435: 62.5MIC X 1115MM NATURAL PE(HIGH CLEAR HOT TRACK) | E435: 62.5 | F435: 1115 | G435: 6865.8 | H435: 0 | I435: 0 | J435: 0 | K435: 0 | L435: 0 | M435: 0 | N435: 6865.8
A436: 45908 | B436: PE(N) | C436: 104981 | D436: 65MIC X 795MM NATURAL PE (2PLY SPICE) | E436: 65 | F436: 795 | G436: 126 | H436: 0 | I436: 0 | J436: 0 | K436: 0 | L436: 0 | M436: 0 | N436: 126
B437: PE(N) | C437: 105247 | D437: 65MIC X 890MM NATURAL PE(SHRINK) | E437: 65 | F437: 890 | G437: 0 | H437: 0 | I437: 0 | J437: 400 | K437: 400 | L437: 0 | M437: 0 | N437: 0
A438: 46130 | B438: PE(N) | C438: 105231 | D438: 65MIC X 915MM NATURAL PE (2PLY SPICE) | E438: 65 | F438: 915 | G438: 180.2 | H438: 0 | I438: 0 | J438: 0 | K438: 0 | L438: 0 | M438: 0 | N438: 180.2
A439: 46130 | B439: PE(N) | C439: 105230 | D439: 65MIC X 935MM NATURAL PE (2PLY SPICE) | E439: 65 | F439: 935 | G439: 76 | H439: 0 | I439: 0 | J439: 0 | K439: 0 | L439: 0 | M439: 0 | N439: 76
A440: 46040 | B440: PE(N) | C440: 105132 | D440: 65MIC X 1000MM NATURAL PE (NF) | E440: 65 | F440: 1000 | G440: 93 | H440: 0 | I440: 0 | J440: 0 | K440: 0 | L440: 0 | M440: 0 | N440: 93
A441: 46074 | B441: PE(N) | C441: 103458 | D441: 65MIC X 1155MM NATURAL PE (NAMKEEN) | E441: 65 | F441: 1155 | G441: 109 | H441: 0 | I441: 0 | J441: 0 | K441: 0 | L441: 0 | M441: 0 | N441: 109
B442: PE(N) | C442: 105248 | D442: 65MIC X 1210MM NATURAL PE(SHRINK) | E442: 65 | F442: 1210 | G442: 0 | H442: 0 | I442: 0 | J442: 250 | K442: 250 | L442: 0 | M442: 0 | N442: 0
A443: 46102 | B443: PE(N) | C443: 105074 | D443: 70MIC X 675MM NATURAL PE(PVC PLUMBING & FITTINGS) | E443: 70 | F443: 675 | G443: 526.4 | H443: 0 | I443: 0 | J443: 0 | K443: 0 | L443: 0 | M443: 0 | N443: 526.4
A444: 46102 | B444: PE(N) | C444: 105075 | D444: 70MIC X 895MM NATURAL PE(PVC PLUMBING & FITTINGS) | E444: 70 | F444: 895 | G444: 245.8 | H444: 0 | I444: 0 | J444: 0 | K444: 0 | L444: 0 | M444: 0 | N444: 245.8
A445: 45880 | B445: PE(N) | C445: 101386 | D445: 75MIC X 900MM NATURAL PE (TEA) | E445: 75 | F445: 900 | G445: 100 | H445: 0 | I445: 0 | J445: 0 | K445: 0 | L445: 0 | M445: 0 | N445: 100
A446: 46137 | B446: PE(N) | C446: 105210 | D446: 75MIC X 970MM NATURAL PE (SHRINK PRINTED GRADE 100% VIRGIN) | E446: 75 | F446: 970 | G446: 4369.4 | H446: 0 | I446: 0 | J446: 0 | K446: 0 | L446: 0 | M446: 0 | N446: 4369.4
A447: 46062 | B447: PE(N) | C447: 103742 | D447: 80MIC X 795MM NATURAL PE (FERTILIZER) | E447: 80 | F447: 795 | G447: 211.2 | H447: 0 | I447: 0 | J447: 0 | K447: 0 | L447: 0 | M447: 0 | N447: 211.2
A448: 46075 | B448: PE(N) | C448: 103318 | D448: 85MIC X 545MM NATURAL PE [LIQUID STANUP] | E448: 85 | F448: 545 | G448: 459.6 | H448: 0 | I448: 0 | J448: 0 | K448: 0 | L448: 0 | M448: 0 | N448: 459.6
A449: 46116 | B449: PE(N) | C449: 101209 | D449: 85MIC X 565MM NATURAL PE (TEA) | E449: 85 | F449: 565 | G449: 366.4 | H449: 0 | I449: 0 | J449: 500 | K449: 0 | L449: 0 | M449: 0 | N449: 366.4
A450: 45880 | B450: PE(N) | C450: 104223 | D450: 85MIC X 580MM NATURAL PE (SHRINK FILM) | E450: 85 | F450: 580 | G450: 27.85 | H450: 0 | I450: 0 | J450: 0 | K450: 0 | L450: 0 | M450: 0 | N450: 27.85
A451: 45861 | B451: PE(N) | C451: 102063 | D451: 85MIC X 655MM NATURAL PEELABLE PE | E451: 85 | F451: 655 | G451: 56 | H451: 0 | I451: 0 | J451: 0 | K451: 0 | L451: 0 | M451: 0 | N451: 56
A452: 45861 | B452: PE(N) | C452: 102983 | D452: 85MIC X 675MM NATURAL PEELABLE PE | E452: 85 | F452: 675 | G452: 115 | H452: 0 | I452: 0 | J452: 0 | K452: 0 | L452: 0 | M452: 82.8 | N452: 197.8
A453: 46103 | B453: PE(N) | C453: 102022 | D453: 85MIC X 680MM NATURAL PE (TEA 500GM) | E453: 85 | F453: 680 | G453: 106 | H453: 0 | I453: 0 | J453: 0 | K453: 0 | L453: 0 | M453: 0 | N453: 106
A454: 46117 | B454: PE(N) | C454: 102750 | D454: 85MIC X 695MM NATURAL PE (TEA) | E454: 85 | F454: 695 | G454: 27 | H454: 0 | I454: 0 | J454: 0 | K454: 0 | L454: 0 | M454: 0 | N454: 27
... A457: 45985 | B457: PE(N) | C457: 105026 | D457: 85MIC X 1015MM NATURAL PE(2PLY SPICE) | E457: 85 | F457: 1015 | G457: 176.6 | H457: 0 | I457: 0 | J457: 0 | K457: 0 | L457: 0 | M457: 0 | N457: 176.6
B458: PE(N) | C458: 105197 | D458: 85MIC X 1070MM NATURAL PE (SHRINK PRINTED GRADE) | E458: 85 | F458: 1070 | G458: 0 | H458: 0 | I458: 0 | J458: 2000 | K458: 2000 | L458: 0 | M458: 0 | N458: 0
A459: 46129 | B459: PE(N) | C459: 104985 | D459: 85MIC X 1110MM NATURAL PE (SHRINK PRINTED GRADE) | E459: 85 | F459: 1110 | G459: 3785.2 | H459: 0 | I459: 0 | J459: 9000 | K459: 0 | L459: 0 | M459: 0 | N459: 3785.2
A460: 45964 | B460: PE(N) | C460: 102724 | D460: 90MIC X 675MM NATURAL PE (LIQUID DISTEMPER) | E460: 90 | F460: 675 | G460: 345.2 | H460: 0 | I460: 0 | J460: 0 | K460: 0 | L460: 0 | M460: 0 | N460: 345.2
A461: 46074 | B461: PE(N) | C461: 102919 | D461: 95MIC X 575MM NATURAL PE (NF) | E461: 95 | F461: 575 | G461: 97 | H461: 0 | I461: 0 | J461: 0 | K461: 0 | L461: 0 | M461: 0 | N461: 97
A462: 46038 | B462: PE(N) | C462: 101862 | D462: 95MIC X 655MM NATURAL PE (HIGH CLEAR STANDUP POUCH) | E462: 95 | F462: 655 | G462: 530.6 | H462: 0 | I462: 0 | J462: 0 | K462: 0 | L462: 0 | M462: 135.6 | N462: 666.2
A463: 46074 | B463: PE(N) | C463: 102920 | D463: 95MIC X 655MM NATURAL PE (NF) | E463: 95 | F463: 655 | G463: 174.4 | H463: 0 | I463: 0 | J463: 0 | K463: 0 | L463: 0 | M463: 0 | N463: 174.4
A464: 46084 | B464: PE(N) | C464: 104644 | D464: 95MIC X 715MM NATURAL PE (SPICE) | E464: 95 | F464: 715 | G464: 50.2 | H464: 0 | I464: 0 | J464: 0 | K464: 0 | L464: 0 | M464: 0 | N464: 50.2
A465: 45463 | B465: PE(N) | C465: 104249 | D465: 95MIC X 765MM NATURAL PE(GROCERY) | E465: 95 | F465: 765 | G465: 105 | H465: 0 | I465: 0 | J465: 0 | K465: 0 | L465: 0 | M465: 0 | N465: 105
A466: 46075 | B466: PE(N) | C466: 101857 | D466: 95MIC X 855MM NATURAL PE (HIGH CLEAR STANDUP POUCH) | E466: 95 | F466: 855 | G466: 228.8 | H466: 0 | I466: 0 | J466: 0 | K466: 0 | L466: 0 | M466: 5 | N466: 233.8
A467: 46074 | B467: PE(N) | C467: 101859 | D467: 95MIC X 1065MM NATURAL PE(HIGH CLEAR STANDUP POUCH) | E467: 95 | F467: 1065 | G467: 253.6 | H467: 0 | I467: 0 | J467: 0 | K467: 0 | L467: 0 | M467: 0 | N467: 253.6
A468: 46074 | B468: PE(N) | C468: 101860 | D468: 95MIC X 1135MM NATURAL PE(HIGH CLEAR STANDUP POUCH) | E468: 95 | F468: 1135 | G468: 521.3 | H468: 0 | I468: 0 | J468: 0 | K468: 0 | L468: 0 | M468: 0 | N468: 521.3
A469: 46103 | B469: PE(N) | C469: 100095 | D469: 110MIC X 975MM NATURAL PE ( STANDUP ZIPPER POUCH ) | E469: 110 | F469: 975 | G469: 579.2 | H469: 0 | I469: 0 | J469: 0 | K469: 0 | L469: 0 | M469: 0 | N469: 579.2
A470: 46074 | B470: PE(N) | C470: 100524 | D470: 110MIC X 1125MM NATURAL PE (STAND UP POUCH) | E470: 110 | F470: 1125 | G470: 611.6 | H470: 0 | I470: 0 | J470: 0 | K470: 0 | L470: 0 | M470: 0 | N470: 611.6
... A532: 46107 | B532: PE(W) | C532: 100119 | D532: 110MIC X 985MM WHITE PE ( OIL PRINT ) | E532: 110 | F532: 985 | G532: 495.9 | H532: 0 | I532: 0 | J532: 0 | K532: 0 | L532: 0 | M532: 0 | N532: 495.9
B535: Vrdate | C535: Job Code | D535: Job Name | E535: Work Order | F535: Net Qty
B536: 46141 | C536: 2358 | D536: PE(W)50MICX1000MM(ATTA 2KG) | E536: B2604-40 | F536: 2473
B537: 46141 | C537: 2358 | D537: PE(W)50MICX1000MM(ATTA 2KG) | E537: B2604-69 | F537: 1424.6
B538: 46141 | C538: 2970 | D538: PE(W)30MICX795MM(NOODLES) | E538: B2604-117 | F538: 1430.2
B539: 46141 | C539: 3899 | D539: PE(W)25MICX1090MM(NOODLES) | E539: B2604-116 | F539: 1539.2
B540: 46141 | C540: 6635 | D540: PE(W)65MICX855MM( SOYABARI NF) | E540: B2604-57 | F540: 971
B541: 46141 | C541: 7027 | D541: PE(N)53MICX970MM(TATA BUNDLING) | E541: B2604-105 | F541: 541
B542: 46141 | C542: 8442 | D542: PE(N)90MICX1130MM(SHRINK PRINTED) | E542: B2603-208 | F542: 174
B543: 46141 | C543: 8864 | D543: PE(W)40MICX975MM(CANDY OUTER) | E543: B2604-74 | F543: 1759.8
B544: 46141 | C544: 7027 | D544: PE(N)53MICX970MM(TATA BUNDLING) | E544: B2604-101 | F544: 347.2
B545: 46141 | C545: 7027 | D545: PE(N)53MICX970MM(TATA BUNDLING) | E545: B2604-105 | F545: 1968.6
B546: 46141 | C546: 7849 | D546: PE(N)53MICX625MM(TATA BUNDLING) | E546: B2604-102 | F546: 351.8
B547: 46141 | C547: 7850 | D547: PE(N)53MICX685MM(TATA BUNDLING) | E547: B2604-104 | F547: 1643
F548: 14623.4

Sheet BOOKING
A1: PARTY NAME | B1: SO DATE | C1: ITEM CODE | D1: ITEM NAME | E1: UOM | F1: QTY | G1: ORDER NO | H1: JOB GROUP | I1: JOB TYPE | J1: NAME | K1: ORDER TYPE | L1: DELIVERY DATE | N1: =B1 -> SO DATE
A2: PARTY-1 | B2: 46141 | C2: 1005 | D2: JOB NAME-1 | E2: KGS | F2: 1000 | G2: SO-1 | H2: LAMINATE ROLL 4PLY | I2: SNACKS | J2: SALES PERSON NAME | K2: REPEAT | L2: 46157 | N2: =B2 -> 46141
A3: PARTY-2 | B3: 46141 | C3: 1006 | D3: JOB NAME-2 | E3: KGS | F3: 1000 | G3: SO-2 | H3: POLY ROLL 1PLY | I3: OIL | J3: SALES PERSON NAME | K3: REPEAT | L3: 46157 | N3: =B3 -> 46141
A4: PARTY-3 | B4: 46141 | C4: 1007 | D4: JOB NAME-3 | E4: KGS | F4: 1000 | G4: SO-3 | H4: LAMINATE ROLL 3PLY | I4: BISCUITS | J4: SALES PERSON NAME | K4: REPEAT | L4: 46157 | N4: =B4 -> 46141
A5: PARTY-4 | B5: 46141 | C5: 1008 | D5: JOB NAME-4 | E5: KGS | F5: 1000 | G5: SO-4 | H5: LAMINATE ROLL 3PLY | I5: FLOW WRAP | J5: SALES PERSON NAME | K5: REPEAT | L5: 46157 | N5: =B5 -> 46141
A6: PARTY-5 | B6: 46141 | C6: 1009 | D6: JOB NAME-5 | E6: PCS | F6: 75000 | G6: SO-5 | H6: LAMINATE ROLL 3PLY | I6: TEA | J6: SALES PERSON NAME | K6: REPEAT | L6: 46157 | N6: =B6 -> 46141
A7: PARTY-6 | B7: 46141 | C7: 1010 | D7: JOB NAME-6 | E7: KGS | F7: 1000 | G7: SO-6 | H7: LAMINATE ROLL 2PLY | I7: FLOW WRAP | J7: SALES PERSON NAME | K7: NEW | L7: 46157 | N7: =B7 -> 46141
N8: =B8 -> 0
N9: =B9 -> 0
N10: =B10 -> 0

Sheet ORDER BOOK
A1: Order Booking -2021 | F1: ORDER BOOKING | I1: 5 | J1: last clear 22 SEPT | K1: 3 | L1: 4 | M1: 5 | O1: 7 | P1: 8 | Q1: 9 | R1: 10 | S1: 11 | T1: 12 | U1: 13 | V1: 14 | W1: 15 | X1: 16 | Y1: 17 | Z1: 18
A2: STATUS | B2: YEAR | C2: MONTH | D2: FG NO | E2: MKT | F2: ORDER DATE | G2: DELV.DATE | H2: EXP.TAT | I2: So No | J2: JOB NAME | K2: WO/no | L2: PKD | M2: FG.Code | N2: OBB | O2: Roll/Pouch | P2: Qty(Nos) | Q2: Qty(Kgs) | R2: CUSTOMER | S2: TYPE | T2: FINAL SLITTED | U2: R/P | W2: SO DATE | X2: DELIVERY | Y2: GRADE
B3: 2022 | D3: 1005 | F3: =VLOOKUP(I3,BOOKING!$G$1:$N$6584,8,0) -> 46141 | G3: =VLOOKUP(I3,BOOKING!$G$1:$L$6314,6,0) -> 46157 | H3: =$G3-$F3 -> 16 | I3: SO-1 | J3: =VLOOKUP(D3,'Spec Sheet (2)'!$B$4:$GM$49,194,0) -> JOB NAME-1 | K3: C-1 | M3: =VLOOKUP(J3,'Spec Sheet (2)'!$A$4:$C$26703,2,0) -> 1005 | O3: =VLOOKUP(J3,'Spec Sheet (2)'!$A$4:$ED$15568,134,0) -> Roll | Q3: 1000 | R3: =VLOOKUP(J3,'Spec Sheet (2)'!$A$4:$D$26649,4,0) -> PARTY-1 | S3: =VLOOKUP(J3,'Spec Sheet (2)'!$A$4:$GD$23938,186,0) -> SNACKS | V3: =H3 -> 16 | W3: =F3 -> 46141 | X3: =G3 -> 46157 | Y3: =VLOOKUP(M3,'Spec Sheet (2)'!$B$4:$GD$9,185) -> SNACKS
B4: 2022 | D4: 1006 | F4: =VLOOKUP(I4,BOOKING!$G$1:$N$6584,8,0) -> 46141 | G4: =VLOOKUP(I4,BOOKING!$G$1:$L$6314,6,0) -> 46157 | H4: =$G4-$F4 -> 16 | I4: SO-2 | J4: =VLOOKUP(D4,'Spec Sheet (2)'!$B$4:$GM$49,194,0) -> JOB NAME-2 | K4: C-2 | M4: =VLOOKUP(J4,'Spec Sheet (2)'!$A$4:$C$26703,2,0) -> 1006 | O4: =VLOOKUP(J4,'Spec Sheet (2)'!$A$4:$ED$15568,134,0) -> Roll | Q4: 1000 | R4: =VLOOKUP(J4,'Spec Sheet (2)'!$A$4:$D$26649,4,0) -> PARTY-2 | S4: =VLOOKUP(J4,'Spec Sheet (2)'!$A$4:$GD$23938,186,0) -> OIL SURFACE | V4: =H4 -> 16 | W4: =F4 -> 46141 | X4: =G4 -> 46157 | Y4: =VLOOKUP(M4,'Spec Sheet (2)'!$B$4:$GD$9,185) -> OIL SURFACE
B5: 2022 | D5: 1007 | F5: =VLOOKUP(I5,BOOKING!$G$1:$N$6584,8,0) -> 46141 | G5: =VLOOKUP(I5,BOOKING!$G$1:$L$6314,6,0) -> 46157 | H5: =$G5-$F5 -> 16 | I5: SO-3 | J5: =VLOOKUP(D5,'Spec Sheet (2)'!$B$4:$GM$49,194,0) -> JOB NAME-3 | K5: C-3 | M5: =VLOOKUP(J5,'Spec Sheet (2)'!$A$4:$C$26703,2,0) -> 1007 | O5: =VLOOKUP(J5,'Spec Sheet (2)'!$A$4:$ED$15568,134,0) -> Roll | Q5: 1000 | R5: =VLOOKUP(J5,'Spec Sheet (2)'!$A$4:$D$26649,4,0) -> PARTY-3 | S5: =VLOOKUP(J5,'Spec Sheet (2)'!$A$4:$GD$23938,186,0) -> BISCUITE | V5: =H5 -> 16 | W5: =F5 -> 46141 | X5: =G5 -> 46157 | Y5: =VLOOKUP(M5,'Spec Sheet (2)'!$B$4:$GD$9,185) -> BISCUITE
B6: 2022 | D6: 1008 | F6: =VLOOKUP(I6,BOOKING!$G$1:$N$6584,8,0) -> 46141 | G6: =VLOOKUP(I6,BOOKING!$G$1:$L$6314,6,0) -> 46157 | H6: =$G6-$F6 -> 16 | I6: SO-4 | J6: =VLOOKUP(D6,'Spec Sheet (2)'!$B$4:$GM$49,194,0) -> JOB NAME-4 | K6: C-4 | M6: =VLOOKUP(J6,'Spec Sheet (2)'!$A$4:$C$26703,2,0) -> 1008 | O6: =VLOOKUP(J6,'Spec Sheet (2)'!$A$4:$ED$15568,134,0) -> Roll | Q6: 1000 | R6: =VLOOKUP(J6,'Spec Sheet (2)'!$A$4:$D$26649,4,0) -> PARTY-4 | S6: =VLOOKUP(J6,'Spec Sheet (2)'!$A$4:$GD$23938,186,0) -> FLOW WRAP | V6: =H6 -> 16 | W6: =F6 -> 46141 | X6: =G6 -> 46157 | Y6: =VLOOKUP(M6,'Spec Sheet (2)'!$B$4:$GD$9,185) -> FLOW WRAP
B7: 2022 | D7: 1009 | F7: =VLOOKUP(I7,BOOKING!$G$1:$N$6584,8,0) -> 46141 | G7: =VLOOKUP(I7,BOOKING!$G$1:$L$6314,6,0) -> 46157 | H7: =$G7-$F7 -> 16 | I7: SO-5 | J7: =VLOOKUP(D7,'Spec Sheet (2)'!$B$4:$GM$49,194,0) -> JOB NAME-5 | K7: C-5 | M7: =VLOOKUP(J7,'Spec Sheet (2)'!$A$4:$C$26703,2,0) -> 1009 | O7: =VLOOKUP(J7,'Spec Sheet (2)'!$A$4:$ED$15568,134,0) -> Roll | P7: 75000 | Q7: 862.5 | R7: =VLOOKUP(J7,'Spec Sheet (2)'!$A$4:$D$26649,4,0) -> PARTY-5 | S7: =VLOOKUP(J7,'Spec Sheet (2)'!$A$4:$GD$23938,186,0) -> SPICE | V7: =H7 -> 16 | W7: =F7 -> 46141 | X7: =G7 -> 46157 | Y7: =VLOOKUP(M7,'Spec Sheet (2)'!$B$4:$GD$9,185) -> SPICE
B8: 2022 | D8: 1010 | F8: =VLOOKUP(I8,BOOKING!$G$1:$N$6584,8,0) -> 46141 | G8: =VLOOKUP(I8,BOOKING!$G$1:$L$6314,6,0) -> 46157 | H8: =$G8-$F8 -> 16 | I8: SO-6 | J8: =VLOOKUP(D8,'Spec Sheet (2)'!$B$4:$GM$49,194,0) -> JOB NAME-6 | K8: C-6 | M8: =VLOOKUP(J8,'Spec Sheet (2)'!$A$4:$C$26703,2,0) -> 1010 | O8: =VLOOKUP(J8,'Spec Sheet (2)'!$A$4:$ED$15568,134,0) -> Roll | Q8: 1000 | R8: =VLOOKUP(J8,'Spec Sheet (2)'!$A$4:$D$26649,4,0) -> PARTY-6 | S8: =VLOOKUP(J8,'Spec Sheet (2)'!$A$4:$GD$23938,186,0) -> FLOW WRAP | V8: =H8 -> 16 | W8: =F8 -> 46141 | X8: =G8 -> 46157 | Y8: =VLOOKUP(M8,'Spec Sheet (2)'!$B$4:$GD$9,185) -> FLOW WRAP
B9: 2022 | F9: =VLOOKUP(I9,BOOKING!$G$1:$N$6584,8,0) -> #N/A | G9: =VLOOKUP(I9,BOOKING!$G$1:$L$6314,6,0) -> #N/A | H9: =$G9-$F9 -> #N/A | J9: =VLOOKUP(D9,'Spec Sheet (2)'!$B$4:$GM$49,194,0) -> #N/A | M9: =VLOOKUP(J9,'Spec Sheet (2)'!$A$4:$C$26703,2,0) -> #N/A | O9: =VLOOKUP(J9,'Spec Sheet (2)'!$A$4:$ED$15568,134,0) -> #N/A | R9: =VLOOKUP(J9,'Spec Sheet (2)'!$A$4:$D$26649,4,0) -> #N/A | S9: =VLOOKUP(J9,'Spec Sheet (2)'!$A$4:$GD$23938,186,0) -> #N/A | V9: =H9 -> #N/A | W9: =F9 -> #N/A | X9: =G9 -> #N/A | Y9: =VLOOKUP(M9,'Spec Sheet (2)'!$B$4:$GD$9,185) -> #N/A
B10: 2022 | F10: =VLOOKUP(I10,BOOKING!$G$1:$N$6584,8,0) -> #N/A | G10: =VLOOKUP(I10,BOOKING!$G$1:$L$6314,6,0) -> #N/A | H10: =$G10-$F10 -> #N/A | J10: =VLOOKUP(D10,'Spec Sheet (2)'!$B$4:$GM$49,194,0) -> #N/A | M10: =VLOOKUP(J10,'Spec Sheet (2)'!$A$4:$C$26703,2,0) -> #N/A | O10: =VLOOKUP(J10,'Spec Sheet (2)'!$A$4:$ED$15568,134,0) -> #N/A | R10: =VLOOKUP(J10,'Spec Sheet (2)'!$A$4:$D$26649,4,0) -> #N/A | S10: =VLOOKUP(J10,'Spec Sheet (2)'!$A$4:$GD$23938,186,0) -> #N/A | V10: =H10 -> #N/A | W10: =F10 -> #N/A | X10: =G10 -> #N/A | Y10: =VLOOKUP(M10,'Spec Sheet (2)'!$B$4:$GD$9,185) -> #N/A
B11: 2022 | F11: =VLOOKUP(I11,BOOKING!$G$1:$N$6584,8,0) -> #N/A | G11: =VLOOKUP(I11,BOOKING!$G$1:$L$6314,6,0) -> #N/A | H11: =$G11-$F11 -> #N/A | J11: =VLOOKUP(D11,'Spec Sheet (2)'!$B$4:$GM$49,194,0) -> #N/A | M11: =VLOOKUP(J11,'Spec Sheet (2)'!$A$4:$C$26703,2,0) -> #N/A | O11: =VLOOKUP(J11,'Spec Sheet (2)'!$A$4:$ED$15568,134,0) -> #N/A | R11: =VLOOKUP(J11,'Spec Sheet (2)'!$A$4:$D$26649,4,0) -> #N/A | S11: =VLOOKUP(J11,'Spec Sheet (2)'!$A$4:$GD$23938,186,0) -> #N/A | V11: =H11 -> #N/A | W11: =F11 -> #N/A | X11: =G11 -> #N/A | Y11: =VLOOKUP(M11,'Spec Sheet (2)'!$B$4:$GD$9,185) -> #N/A
B12: 2022 | F12: =VLOOKUP(I12,BOOKING!$G$1:$N$6584,8,0) -> #N/A | G12: =VLOOKUP(I12,BOOKING!$G$1:$L$6314,6,0) -> #N/A | H12: =$G12-$F12 -> #N/A | J12: =VLOOKUP(D12,'Spec Sheet (2)'!$B$4:$GM$49,194,0) -> #N/A | M12: =VLOOKUP(J12,'Spec Sheet (2)'!$A$4:$C$26703,2,0) -> #N/A | O12: =VLOOKUP(J12,'Spec Sheet (2)'!$A$4:$ED$15568,134,0) -> #N/A | R12: =VLOOKUP(J12,'Spec Sheet (2)'!$A$4:$D$26649,4,0) -> #N/A | S12: =VLOOKUP(J12,'Spec Sheet (2)'!$A$4:$GD$23938,186,0) -> #N/A | V12: =H12 -> #N/A | W12: =F12 -> #N/A | X12: =G12 -> #N/A | Y12: =VLOOKUP(M12,'Spec Sheet (2)'!$B$4:$GD$9,185) -> #N/A
B13: 2022 | F13: =VLOOKUP(I13,BOOKING!$G$1:$N$6584,8,0) -> #N/A | G13: =VLOOKUP(I13,BOOKING!$G$1:$L$6314,6,0) -> #N/A | H13: =$G13-$F13 -> #N/A | J13: =VLOOKUP(D13,'Spec Sheet (2)'!$B$4:$GM$49,194,0) -> #N/A | M13: =VLOOKUP(J13,'Spec Sheet (2)'!$A$4:$C$26703,2,0) -> #N/A | O13: =VLOOKUP(J13,'Spec Sheet (2)'!$A$4:$ED$15568,134,0) -> #N/A | R13: =VLOOKUP(J13,'Spec Sheet (2)'!$A$4:$D$26649,4,0) -> #N/A | S13: =VLOOKUP(J13,'Spec Sheet (2)'!$A$4:$GD$23938,186,0) -> #N/A | V13: =H13 -> #N/A | W13: =F13 -> #N/A | X13: =G13 -> #N/A | Y13: =VLOOKUP(M13,'Spec Sheet (2)'!$B$4:$GD$9,185) -> #N/A
B14: 2022 | F14: =VLOOKUP(I14,BOOKING!$G$1:$N$6584,8,0) -> #N/A | G14: =VLOOKUP(I14,BOOKING!$G$1:$L$6314,6,0) -> #N/A | H14: =$G14-$F14 -> #N/A | J14: =VLOOKUP(D14,'Spec Sheet (2)'!$B$4:$GM$49,194,0) -> #N/A | M14: =VLOOKUP(J14,'Spec Sheet (2)'!$A$4:$C$26703,2,0) -> #N/A | O14: =VLOOKUP(J14,'Spec Sheet (2)'!$A$4:$ED$15568,134,0) -> #N/A | R14: =VLOOKUP(J14,'Spec Sheet (2)'!$A$4:$D$26649,4,0) -> #N/A | S14: =VLOOKUP(J14,'Spec Sheet (2)'!$A$4:$GD$23938,186,0) -> #N/A | V14: =H14 -> #N/A | W14: =F14 -> #N/A | X14: =G14 -> #N/A | Y14: =VLOOKUP(M14,'Spec Sheet (2)'!$B$4:$GD$9,185) -> #N/A
B15: 2022 | F15: =VLOOKUP(I15,BOOKING!$G$1:$N$6584,8,0) -> #N/A | G15: =VLOOKUP(I15,BOOKING!$G$1:$L$6314,6,0) -> #N/A | H15: =$G15-$F15 -> #N/A | J15: =VLOOKUP(D15,'Spec Sheet (2)'!$B$4:$GM$49,194,0) -> #N/A | M15: =VLOOKUP(J15,'Spec Sheet (2)'!$A$4:$C$26703,2,0) -> #N/A | O15: =VLOOKUP(J15,'Spec Sheet (2)'!$A$4:$ED$15568,134,0) -> #N/A | R15: =VLOOKUP(J15,'Spec Sheet (2)'!$A$4:$D$26649,4,0) -> #N/A | S15: =VLOOKUP(J15,'Spec Sheet (2)'!$A$4:$GD$23938,186,0) -> #N/A | V15: =H15 -> #N/A | W15: =F15 -> #N/A | X15: =G15 -> #N/A | Y15: =VLOOKUP(M15,'Spec Sheet (2)'!$B$4:$GD$9,185) -> #N/A
B16: 2022 | F16: =VLOOKUP(I16,BOOKING!$G$1:$N$6584,8,0) -> #N/A | G16: =VLOOKUP(I16,BOOKING!$G$1:$L$6314,6,0) -> #N/A | H16: =$G16-$F16 -> #N/A | J16: =VLOOKUP(D16,'Spec Sheet (2)'!$B$4:$GM$49,194,0) -> #N/A | M16: =VLOOKUP(J16,'Spec Sheet (2)'!$A$4:$C$26703,2,0) -> #N/A | O16: =VLOOKUP(J16,'Spec Sheet (2)'!$A$4:$ED$15568,134,0) -> #N/A | R16: =VLOOKUP(J16,'Spec Sheet (2)'!$A$4:$D$26649,4,0) -> #N/A | S16: =VLOOKUP(J16,'Spec Sheet (2)'!$A$4:$GD$23938,186,0) -> #N/A | V16: =H16 -> #N/A | W16: =F16 -> #N/A | X16: =G16 -> #N/A | Y16: =VLOOKUP(M16,'Spec Sheet (2)'!$B$4:$GD$9,185) -> #N/A
B17: 2022 | F17: =VLOOKUP(I17,BOOKING!$G$1:$N$6584,8,0) -> #N/A | G17: =VLOOKUP(I17,BOOKING!$G$1:$L$6314,6,0) -> #N/A | H17: =$G17-$F17 -> #N/A | J17: =VLOOKUP(D17,'Spec Sheet (2)'!$B$4:$GM$49,194,0) -> #N/A | M17: =VLOOKUP(J17,'Spec Sheet (2)'!$A$4:$C$26703,2,0) -> #N/A | O17: =VLOOKUP(J17,'Spec Sheet (2)'!$A$4:$ED$15568,134,0) -> #N/A | R17: =VLOOKUP(J17,'Spec Sheet (2)'!$A$4:$D$26649,4,0) -> #N/A | S17: =VLOOKUP(J17,'Spec Sheet (2)'!$A$4:$GD$23938,186,0) -> #N/A | V17: =H17 -> #N/A | W17: =F17 -> #N/A | X17: =G17 -> #N/A | Y17: =VLOOKUP(M17,'Spec Sheet (2)'!$B$4:$GD$9,185) -> #N/A
B18: 2022 | F18: =VLOOKUP(I18,BOOKING!$G$1:$N$6584,8,0) -> #N/A | G18: =VLOOKUP(I18,BOOKING!$G$1:$L$6314,6,0) -> #N/A | H18: =$G18-$F18 -> #N/A | J18: =VLOOKUP(D18,'Spec Sheet (2)'!$B$4:$GM$49,194,0) -> #N/A | M18: =VLOOKUP(J18,'Spec Sheet (2)'!$A$4:$C$26703,2,0) -> #N/A | O18: =VLOOKUP(J18,'Spec Sheet (2)'!$A$4:$ED$15568,134,0) -> #N/A | R18: =VLOOKUP(J18,'Spec Sheet (2)'!$A$4:$D$26649,4,0) -> #N/A | S18: =VLOOKUP(J18,'Spec Sheet (2)'!$A$4:$GD$23938,186,0) -> #N/A | V18: =H18 -> #N/A | W18: =F18 -> #N/A | X18: =G18 -> #N/A | Y18: =VLOOKUP(M18,'Spec Sheet (2)'!$B$4:$GD$9,185) -> #N/A

Sheet PENDING ORDER
A1: PENDING ORDER STATUS | L1: 2 | M1: 3 | O1: 5 | P1: 6 | Q1: 7 | R1: 8 | S1: 9 | T1: 10 | U1: 11 | V1: 12 | W1: 13 | X1: 14 | Y1: 15 | Z1: 16 | AA1: 17 | AB1: 18 | AC1: 19 | AD1: 20 | AE1: 21 | AF1: 22 | AG1: 23 | AH1: 24 | AI1: 25 | AJ1: 26 | AK1: 27 | AL1: 28 | AM1: 29 | AN1: 30 | AO1: 31 | AP1: 32 | AQ1: 33 | AR1: 34 | AS1: 35 | AT1: 36 | AU1: 37 | AV1: 38 | AW1: 39 | AX1: 40 | AY1: 41 | AZ1: 42 | BA1: 43 | BB1: 44 | BC1: 45 | BD1: 46 | BE1: 47 | BF1: 48 | BG1: 49 | BH1: 50 | BI1: 51 | BJ1: 52 | BK1: 53 | BL1: 54 | BM1: 55 | BN1: 56 | BO1: 57 | BP1: 58 | BQ1: 59 | BR1: 60 | BS1: 61 | BT1: 62 | BU1: 63 | BV1: 64 | BW1: 65 | BX1: 66 | BY1: 67 | BZ1: 68 | CA1: 69 | CB1: 70 | CC1: 71 | CD1: 72 | CE1: 73 | CF1: 74 | CG1: 75 | CH1: 76 | CI1: 77 | CJ1: 78 | CK1: 79 | CL1: 80 | CM1: 81 | CN1: 82 | CO1: 83 | CP1: 84 | CQ1: 85 | CV1: 90
P2: DATED | Q2: 45537 | T2: TO PRINT | AJ2: PTD | AK2: PTD | AL2: EXTRUSION | AO2: EXT | AQ2: LAM 1 | AT2: LAM1 | AV2: LAM 2 | AY2: LAM2 | BC2: PRN | BK2: LAM 1 | BT2: LAM2
A3: SO No | B3: GRADE | C3: Ptd RM | D3: Lam 1 RM | F3: white PE/SURFACE | G3: FG NO | H3: SO DATE | I3: POUCH | J3: ECL? | K3: SO No | L3: Job Name | M3: ` | N3: REMARKS | O3: SLT-STATUS | P3: Kg Qty | Q3: conv. factor | R3: SALE UNIT | S3: UOM | T3: TARGET Output | U3: KM | V3: X-pected KG | W3: UOM | X3: TOTAL PTD | Y3: KM | Z3: PTG bal | AA3: UOM | AB3: Print Km | AC3: total pending Lamination[wip+not ptd} | AD3: KM | AE3: SLIT WIDTH | AF3: Ext | AG3: Sol Base | AH3: Sol Less | AI3: PTD TRANSFER | AJ3: PTD WIP | AK3: NEXT PROCESS OF PTD | AL3: TARGET | AM3: TOTAL | AN3: TRNS | AO3: EXT WIP | AP3: NEXT OF EXTN | AQ3: TARGET | AR3: TOTAL | AS3: TRANS | AT3: WIP | AU3: NEXT OF LAM 1 | AV3: TARGET | AW3: TOTAL | AX3: TRANS | AY3: WIP | AZ3: NEXT OF LAM 1 | BA3: FOR SLITTING | BB3: 1ST FILM-CODE | BC3: PRINTING- Substrate | BD3: Prn Mic | BE3: Prn Width Mtr | BF3: PRN BOM QTY | BG3: Stock | BH3: APO | BJ3: CODE2 | BK3: LAM-1 RM | BL3: LAM-1 RM Micron | BM3: LAM-1 RM Width in MTR | BN3: LAM-1 RM Qty | BO3: Stock | BP3: APO | BQ3: TPO | BR3: Remark | BS3: LAM TYPE | BT3: LAM-2 RM | BU3: LAM-2 RM Micron | BV3: LAM-2 RM Width in MTR | BW3: LAA-2 RM QTY | BX3: Stock | BY3: APO | BZ3: FG NO | CA3: PLY | CB3: LAM TYPE | CC3: PRN GSM | CD3: SW-1 GSM | CE3: SW-2 GSM | CF3: Ink | CG3: Ist Pass Adh | CH3: 2nd Pass Adh | CI3: Extrusion GSM | CJ3: Extrusion FINAL GSM | CK3: Total GSM | CL3: Std Wastage | CM3: WIDTH | CN3: 1ST LAM GSM | CO3: CUSTOMER | CP3: WO | CQ3: 2ND PASS LAM INPUT
A4: =K4 -> SO-1 | B4: =VLOOKUP(L4,'Spec Sheet (2)'!$A$4:$GD$26703,186,0) -> SNACKS | F4: =VLOOKUP(L4,'Spec Sheet (2)'!$A$4:$S$9,19,0) -> CC Met Pet ( OD 2.2+) | G4: =VLOOKUP(L4,'Spec Sheet (2)'!$A$4:$B$739,2,0) -> 1005 | H4: =VLOOKUP(K4,'ORDER BOOK'!$I$3:$W$18,15,0) -> 46141 | J4: =VLOOKUP(L4,'Spec Sheet (2)'!$A$4:$CV$26703,100,0) -> ECL- Job | K4: SO-1 | L4: JOB NAME-1 | M4: =VLOOKUP(K4,'ORDER BOOK'!$I$3:$K$18,3,0) -> C-1 | O4: =IF(X4+AM4+AR4+AW4=0,"BAL",IF(AJ4+AO4+AT4+AY4=0,"COMPLETED","BAL")) -> BAL | P4: =IF(S4="KG",R4*Q4,R4/1000*Q4) -> 1000 | Q4: 1 | R4: 1000 | S4: KG | T4: =(CC4+CF4)*P4*CL4/CK4 -> 307.30023 | U4: =T4/BE4/(CC4+CF4) -> 15.345829 | V4: =(Y4*AE4*CK4)/1.06 -> 1103.1352 | W4: =+S4 -> KG | X4: 350 | Y4: =X4/BE4/(CC4+CF4) -> 17.478152 | Z4: =IF(T4-X4>0,T4-X4,0) -> 0 | AA4: =+S4 -> KG | AB4: =IF(U4-Y4>0,U4-Y4,0) -> 0 | AC4: =T4-AI4 -> 307.30023 | AD4: =AC4/BE4/(CC4+CF4) -> 15.345829 | AE4: =VLOOKUP(L4,'Spec Sheet (2)'!$A$4:$BE$9,57,0)/1000 -> 1.1 | AF4: =IF(CI4>0,AB4,0) -> 0 | AG4: =(IF(BS4="B",AB4,0)+IF(CB4="B",AB4,0)) -> 0 | AH4: =(IF(BS4="L",AB4,0)+IF(CB4="L",AB4,0)) -> 0 | AI4: 0 | AJ4: =X4-AI4 -> 350 | AK4: =VLOOKUP(L4,'Spec Sheet (2)'!$A$4:$FG$15742,163,0) -> Extrusion | AL4: =CM4*U4*CJ4/1000-3*CM4*U4*CJ4/1000/100 -> 666.49622 | AM4: 0 | AN4: 0 | AO4: =AM4-AN4 -> 0 | AP4: =VLOOKUP(L4,'Spec Sheet (2)'!$A$4:$FH$9,164,0) -> solv.Less | AQ4: =(U4*CM4*CN4/1000) -> 687.1095 | AR4: 0 | AS4: 0 | AT4: =AR4-AS4 -> 0 | AU4: =VLOOKUP(L4,'Spec Sheet (2)'!$A$4:$FI$9,165,0) -> 0 | AV4: =IF(H4="1PLY",0,IF(H4="2PLY",0,U4*CM4*CK4/1000))-2*IF(H4="1PLY",0,IF(H4="2PLY",0,U4*CM4*CK4/1000))/100 -> 1029 | AW4: 0 | AX4: 0 | AY4: =AW4-AX4 -> 0 | AZ4: =VLOOKUP(L4,'Spec Sheet (2)'!$A$4:$FJ$16684,166,0) -> Slitting | BA4: =IF(AK4="Slitting",AJ4,0)+IF(AP4="Slitting",AO4,0)+IF(AU4="Slitting",AT4,0)+IF(AZ4="Slitting",AY4,0) -> 0 | BB4: =VLOOKUP(L4,'Spec Sheet (2)'!$A$4:$AL$3749,38,0) -> 104523 | BC4: =VLOOKUP(L4,'Spec Sheet (2)'!$A$4:$O$26703,15,0) -> 1125mmX12Mic PET Chemical | BD4: =VLOOKUP(L4,'Spec Sheet (2)'!$A$4:$L$26703,11,0) -> 12 | BE4: =VLOOKUP(L4,'Spec Sheet (2)'!$A$4:$J$26703,9,0)/1000 -> 1.125 | BF4: =AB4*BE4*BD4*VLOOKUP(L4,'Spec Sheet (2)'!$A$4:$L$25803,12,0) -> 0 | BG4: =IF(ISNA(VLOOKUP(BB4,'ALL STOCK'!$C$3:$N$990,12,0)),"-",VLOOKUP(BB4,'ALL STOCK'!$C$3:$N$990,12,0)) -> 2672.23 | BH4: =IF(ISNA(VLOOKUP(BB4,'ALL STOCK'!$C$3:$J$990,8,0)),"-",VLOOKUP(BB4,'ALL STOCK'!$C$3:$J$990,8,0)) -> 0 | BJ4: =VLOOKUP(L4,'Spec Sheet (2)'!$A$4:$AM$9,39,0) -> 103714 | BK4: =VLOOKUP(L4,'Spec Sheet (2)'!$A$4:$Z$26703,26,0) -> 1115mmx10mic CC Met Pet ( OD 2.2+) | BL4: =VLOOKUP(L4,'Spec Sheet (2)'!$A$4:$V$9,22,0) -> 10 | BM4: =VLOOKUP(L4,'Spec Sheet (2)'!$A$4:$T$26703,20,0)/1000 -> 1.115 | BN4: =AB4*BM4*CD4 -> 0 | BO4: =IF(ISNA(VLOOKUP(BJ4,'ALL STOCK'!$C$4:$N$990,12,0)),"-",VLOOKUP(BJ4,'ALL STOCK'!$C$4:$N$990,12,0)) -> 1393.82 | BP4: =IF(ISNA(VLOOKUP(BJ4,'ALL STOCK'!$C$4:$J$990,8,0)),"-",VLOOKUP(BJ4,'ALL STOCK'!$C$4:$J$990,8,0)) -> 0 | BR4: =VLOOKUP(L4,'Spec Sheet (2)'!$A$4:$AN$9,40,0) -> 103829 | BS4: =VLOOKUP(L4,'Spec Sheet (2)'!$A$4:$FD$9,160,0) -> E | BT4: =VLOOKUP(L4,'Spec Sheet (2)'!$A$4:$AK$26703,37,0) -> 1115mmX 21mic PE (Natural) | BU4: =VLOOKUP(L4,'Spec Sheet (2)'!$A$4:$AG$26703,33,0) -> 21 | BV4: =VLOOKUP(L4,'Spec Sheet (2)'!$A$4:$AE$26703,31,0)/1000 -> 1.115 | BW4: =AB4*BV4*CE4 -> 0 | BX4: =IF(ISNA(VLOOKUP(BR4,'ALL STOCK'!$C$3:$N$990,12,0)),"-",VLOOKUP(BR4,'ALL STOCK'!$C$3:$N$990,12,0)) -> 5413.6 | BY4: =IF(ISNA(VLOOKUP(BR4,'ALL STOCK'!$C$4:$J$990,8,)),"-",VLOOKUP(BR4,'ALL STOCK'!$C$4:$J$990,8,)) -> 0 | BZ4: =VLOOKUP(L4,'Spec Sheet (2)'!$A$4:$B$25803,2,0) -> 1005 | CA4: =VLOOKUP(L4,'Spec Sheet (2)'!$A$4:$FO$25803,171,0) -> 4PLY | CB4: =VLOOKUP(L4,'Spec Sheet (2)'!$A$4:$FF$9,161,0) -> L | CC4: =VLOOKUP(L4,'Spec Sheet (2)'!$A$4:$M$25803,13,0) -> 16.8 | CD4: =VLOOKUP(L4,'Spec Sheet (2)'!$A$4:$X$26703,24,0) -> 14 | CE4: =VLOOKUP(L4,'Spec Sheet (2)'!$A$4:$AI$25803,35,0) -> 19.32 | CF4: =VLOOKUP(L4,'Spec Sheet (2)'!$A$4:$BF$26703,58,0) -> 1 | CG4: =VLOOKUP(L4,'Spec Sheet (2)'!$A$4:$FN$25803,169,0) -> 0 | CH4: =VLOOKUP(L4,'Spec Sheet (2)'!$A$4:$FN$25803,170,0) -> 1.7 | CI4: =VLOOKUP(L4,'Spec Sheet (2)'!$A$4:$CX$26703,102,0) -> 8 | CJ4: =VLOOKUP(L4,'Spec Sheet (2)'!$A$4:$DC$26703,107,0) -> 39.8 | CK4: =SUM(CC4:CI4) -> 60.82 | CL4: =VLOOKUP(L4,'Spec Sheet (2)'!$A$4:$FL$26703,168,0) -> 1.05 | CM4: =VLOOKUP(L4,'Spec Sheet (2)'!$A$4:$I$26703,9,0) -> 1125 | CN4: =VLOOKUP(L4,'Spec Sheet (2)'!$A$4:$FP$26703,172,0) -> 39.8 | CO4: =VLOOKUP(L4,'Spec Sheet (2)'!$A$4:$D$26703,4,0) -> PARTY-1 | CQ4: =AQ4-AS4 -> 687.1095
A5: =K5 -> SO-2 | B5: =VLOOKUP(L5,'Spec Sheet (2)'!$A$4:$GD$26703,186,0) -> OIL SURFACE | F5: =VLOOKUP(L5,'Spec Sheet (2)'!$A$4:$S$9,19,0) | G5: =VLOOKUP(L5,'Spec Sheet (2)'!$A$4:$B$739,2,0) -> 1006 | H5: =VLOOKUP(K5,'ORDER BOOK'!$I$3:$W$18,15,0) -> 46141 | J5: =VLOOKUP(L5,'Spec Sheet (2)'!$A$4:$CV$26703,100,0) -> - | K5: SO-2 | L5: JOB NAME-2 | M5: =VLOOKUP(K5,'ORDER BOOK'!$I$3:$K$18,3,0) -> C-2 | O5: =IF(X5+AM5+AR5+AW5=0,"BAL",IF(AJ5+AO5+AT5+AY5=0,"COMPLETED","BAL")) -> BAL | P5: =IF(S5="KG",R5*Q5,R5/1000*Q5) -> 1000 | Q5: 1 | R5: 1000 | S5: KG | T5: =(CC5+CF5)*P5*CL5/CK5 -> 1000 | U5: =T5/BE5/(CC5+CF5) -> 10.126967 | V5: =(Y5*AE5*CK5)/1.06 -> 0 | W5: =+S5 -> KG | X5: 0 | Y5: =X5/BE5/(CC5+CF5) -> 0 | Z5: =IF(T5-X5>0,T5-X5,0) -> 1000 | AA5: =+S5 -> KG | AB5: =IF(U5-Y5>0,U5-Y5,0) -> 10.126967 | AC5: =T5-AI5 -> 1000 | AD5: =AC5/BE5/(CC5+CF5) -> 10.126967 | AE5: =VLOOKUP(L5,'Spec Sheet (2)'!$A$4:$BE$9,57,0)/1000 -> 0.975 | AF5: =IF(CI5>0,AB5,0) -> 0 | AG5: =(IF(BS5="B",AB5,0)+IF(CB5="B",AB5,0)) -> 0 | AH5: =(IF(BS5="L",AB5,0)+IF(CB5="L",AB5,0)) -> 0 | AI5: 0 | AJ5: =X5-AI5 -> 0 | AK5: =VLOOKUP(L5,'Spec Sheet (2)'!$A$4:$FG$15742,163,0) -> Slitting | AL5: =CM5*U5*CJ5/1000-3*CM5*U5*CJ5/1000/100 -> 0 | AM5: 0 | AN5: 0 | AO5: =AM5-AN5 -> 0 | AP5: =VLOOKUP(L5,'Spec Sheet (2)'!$A$4:$FH$9,164,0) -> 0 | AQ5: =(U5*CM5*CN5/1000) -> 1000 | AR5: 0 | AS5: 0 | AT5: =AR5-AS5 -> 0 | AU5: =VLOOKUP(L5,'Spec Sheet (2)'!$A$4:$FI$9,165,0) -> 0 | AV5: =IF(H5="1PLY",0,IF(H5="2PLY",0,U5*CM5*CK5/1000))-2*IF(H5="1PLY",0,IF(H5="2PLY",0,U5*CM5*CK5/1000))/100 -> 980 | AW5: 0 | AX5: 0 | AY5: =AW5-AX5 -> 0 | AZ5: =VLOOKUP(L5,'Spec Sheet (2)'!$A$4:$FJ$16684,166,0) -> 0 | BA5: =IF(AK5="Slitting",AJ5,0)+IF(AP5="Slitting",AO5,0)+IF(AU5="Slitting",AT5,0)+IF(AZ5="Slitting",AY5,0) -> 0 | BB5: =VLOOKUP(L5,'Spec Sheet (2)'!$A$4:$AL$3749,38,0) -> 104795 | BC5: =VLOOKUP(L5,'Spec Sheet (2)'!$A$4:$O$26703,15,0) -> 985mmX105Mic PE (White) | BD5: =VLOOKUP(L5,'Spec Sheet (2)'!$A$4:$L$26703,11,0) -> 105 | BE5: =VLOOKUP(L5,'Spec Sheet (2)'!$A$4:$J$26703,9,0)/1000 -> 0.985 | BF5: =AB5*BE5*BD5*VLOOKUP(L5,'Spec Sheet (2)'!$A$4:$L$25803,12,0) -> 995.01247 | BG5: =IF(ISNA(VLOOKUP(BB5,'ALL STOCK'!$C$3:$N$990,12,0)),"-",VLOOKUP(BB5,'ALL STOCK'!$C$3:$N$990,12,0)) -> 5148.9 | BH5: =IF(ISNA(VLOOKUP(BB5,'ALL STOCK'!$C$3:$J$990,8,0)),"-",VLOOKUP(BB5,'ALL STOCK'!$C$3:$J$990,8,0)) -> 0 | BJ5: =VLOOKUP(L5,'Spec Sheet (2)'!$A$4:$AM$9,39,0) -> 0 | BK5: =VLOOKUP(L5,'Spec Sheet (2)'!$A$4:$Z$26703,26,0) -> mmxmic | BL5: =VLOOKUP(L5,'Spec Sheet (2)'!$A$4:$V$9,22,0) -> 0 | BM5: =VLOOKUP(L5,'Spec Sheet (2)'!$A$4:$T$26703,20,0)/1000 -> 0 | BN5: =AB5*BM5*CD5 -> 0 | BO5: =IF(ISNA(VLOOKUP(BJ5,'ALL STOCK'!$C$4:$N$990,12,0)),"-",VLOOKUP(BJ5,'ALL STOCK'!$C$4:$N$990,12,0)) -> - | BP5: =IF(ISNA(VLOOKUP(BJ5,'ALL STOCK'!$C$4:$J$990,8,0)),"-",VLOOKUP(BJ5,'ALL STOCK'!$C$4:$J$990,8,0)) -> - | BR5: =VLOOKUP(L5,'Spec Sheet (2)'!$A$4:$AN$9,40,0) -> 0 | BS5: =VLOOKUP(L5,'Spec Sheet (2)'!$A$4:$FD$9,160,0) -> S | BT5: =VLOOKUP(L5,'Spec Sheet (2)'!$A$4:$AK$26703,37,0) -> mmX mic | BU5: =VLOOKUP(L5,'Spec Sheet (2)'!$A$4:$AG$26703,33,0) -> 0 | BV5: =VLOOKUP(L5,'Spec Sheet (2)'!$A$4:$AE$26703,31,0)/1000 -> 0 | BW5: =AB5*BV5*CE5 -> 0 | BX5: =IF(ISNA(VLOOKUP(BR5,'ALL STOCK'!$C$3:$N$990,12,0)),"-",VLOOKUP(BR5,'ALL STOCK'!$C$3:$N$990,12,0)) -> - | BY5: =IF(ISNA(VLOOKUP(BR5,'ALL STOCK'!$C$4:$J$990,8,)),"-",VLOOKUP(BR5,'ALL STOCK'!$C$4:$J$990,8,)) -> - | BZ5: =VLOOKUP(L5,'Spec Sheet (2)'!$A$4:$B$25803,2,0) -> 1006 | CA5: =VLOOKUP(L5,'Spec Sheet (2)'!$A$4:$FO$25803,171,0) -> 1PLY | CB5: =VLOOKUP(L5,'Spec Sheet (2)'!$A$4:$FF$9,161,0) -> X | CC5: =VLOOKUP(L5,'Spec Sheet (2)'!$A$4:$M$25803,13,0) -> 99.75 | CD5: =VLOOKUP(L5,'Spec Sheet (2)'!$A$4:$X$26703,24,0) -> 0 | CE5: =VLOOKUP(L5,'Spec Sheet (2)'!$A$4:$AI$25803,35,0) -> 0 | CF5: =VLOOKUP(L5,'Spec Sheet (2)'!$A$4:$BF$26703,58,0) -> 0.5 | CG5: =VLOOKUP(L5,'Spec Sheet (2)'!$A$4:$FN$25803,169,0) -> 0 | CH5: =VLOOKUP(L5,'Spec Sheet (2)'!$A$4:$FN$25803,170,0) -> 0 | CI5: =VLOOKUP(L5,'Spec Sheet (2)'!$A$4:$CX$26703,102,0) -> 0 | CJ5: =VLOOKUP(L5,'Spec Sheet (2)'!$A$4:$DC$26703,107,0) -> 0 | CK5: =SUM(CC5:CI5) -> 100.25 | CL5: =VLOOKUP(L5,'Spec Sheet (2)'!$A$4:$FL$26703,168,0) -> 1 | CM5: =VLOOKUP(L5,'Spec Sheet (2)'!$A$4:$I$26703,9,0) -> 985 | CN5: =VLOOKUP(L5,'Spec Sheet (2)'!$A$4:$FP$26703,172,0) -> 100.25 | CO5: =VLOOKUP(L5,'Spec Sheet (2)'!$A$4:$D$26703,4,0) -> PARTY-2 | CQ5: =AQ5-AS5 -> 1000
A6: =K6 -> SO-3 | B6: =VLOOKUP(L6,'Spec Sheet (2)'!$A$4:$GD$26703,186,0) -> BISCUITE | F6: =VLOOKUP(L6,'Spec Sheet (2)'!$A$4:$S$9,19,0) -> Met BOPP(HSL) | G6: =VLOOKUP(L6,'Spec Sheet (2)'!$A$4:$B$739,2,0) -> 1007 | H6: =VLOOKUP(K6,'ORDER BOOK'!$I$3:$W$18,15,0) -> 46141 | J6: =VLOOKUP(L6,'Spec Sheet (2)'!$A$4:$CV$26703,100,0) -> ECL- Job | K6: SO-3 | L6: JOB NAME-3 | M6: =VLOOKUP(K6,'ORDER BOOK'!$I$3:$K$18,3,0) -> C-3 | O6: =IF(X6+AM6+AR6+AW6=0,"BAL",IF(AJ6+AO6+AT6+AY6=0,"COMPLETED","BAL")) -> BAL | P6: =IF(S6="KG",R6*Q6,R6/1000*Q6) -> 1000 | Q6: 1 | R6: 1000 | S6: KG | T6: =(CC6+CF6)*P6*CL6/CK6 -> 344.16667 | U6: =T6/BE6/(CC6+CF6) -> 30.734106 | V6: =(Y6*AE6*CK6)/1.06 -> 0 | W6: =+S6 -> KG | X6: 0 | Y6: =X6/BE6/(CC6+CF6) -> 0 | Z6: =IF(T6-X6>0,T6-X6,0) -> 344.16667 | AA6: =+S6 -> KG | AB6: =IF(U6-Y6>0,U6-Y6,0) -> 30.734106 | AC6: =T6-AI6 -> 344.16667 | AD6: =AC6/BE6/(CC6+CF6) -> 30.734106 | AE6: =VLOOKUP(L6,'Spec Sheet (2)'!$A$4:$BE$9,57,0)/1000 -> 0.924 | AF6: =IF(CI6>0,AB6,0) -> 30.734106 | AG6: =(IF(BS6="B",AB6,0)+IF(CB6="B",AB6,0)) -> 0 | AH6: =(IF(BS6="L",AB6,0)+IF(CB6="L",AB6,0)) -> 0 | AI6: 0 | AJ6: =X6-AI6 -> 0 | AK6: =VLOOKUP(L6,'Spec Sheet (2)'!$A$4:$FG$15742,163,0) -> Extrusion | AL6: =CM6*U6*CJ6/1000-3*CM6*U6*CJ6/1000/100 -> 1018.5 | AM6: 0 | AN6: 0 | AO6: =AM6-AN6 -> 0 | AP6: =VLOOKUP(L6,'Spec Sheet (2)'!$A$4:$FH$9,164,0) -> Slitting | AQ6: =(U6*CM6*CN6/1000) -> 1050 | AR6: 0 | AS6: 0 | AT6: =AR6-AS6 -> 0 | AU6: =VLOOKUP(L6,'Spec Sheet (2)'!$A$4:$FI$9,165,0) -> 0 | AV6: =IF(H6="1PLY",0,IF(H6="2PLY",0,U6*CM6*CK6/1000))-2*IF(H6="1PLY",0,IF(H6="2PLY",0,U6*CM6*CK6/1000))/100 -> 1029 | AW6: 0 | AX6: 0 | AY6: =AW6-AX6 -> 0 | AZ6: =VLOOKUP(L6,'Spec Sheet (2)'!$A$4:$FJ$16684,166,0) -> 0 | BA6: =IF(AK6="Slitting",AJ6,0)+IF(AP6="Slitting",AO6,0)+IF(AU6="Slitting",AT6,0)+IF(AZ6="Slitting",AY6,0) -> 0 | BB6: =VLOOKUP(L6,'Spec Sheet (2)'!$A$4:$AL$3749,38,0) -> 104787 | BC6: =VLOOKUP(L6,'Spec Sheet (2)'!$A$4:$O$26703,15,0) -> 949mmX12Mic BOPP BST | BD6: =VLOOKUP(L6,'Spec Sheet (2)'!$A$4:$L$26703,11,0) -> 12 | BE6: =VLOOKUP(L6,'Spec Sheet (2)'!$A$4:$J$26703,9,0)/1000 -> 0.949 | BF6: =AB6*BE6*BD6*VLOOKUP(L6,'Spec Sheet (2)'!$A$4:$L$25803,12,0) -> 315 | BG6: =IF(ISNA(VLOOKUP(BB6,'ALL STOCK'!$C$3:$N$990,12,0)),"-",VLOOKUP(BB6,'ALL STOCK'!$C$3:$N$990,12,0)) -> 2650.96 | BH6: =IF(ISNA(VLOOKUP(BB6,'ALL STOCK'!$C$3:$J$990,8,0)),"-",VLOOKUP(BB6,'ALL STOCK'!$C$3:$J$990,8,0)) -> 574.46 | BJ6: =VLOOKUP(L6,'Spec Sheet (2)'!$A$4:$AM$9,39,0) -> 104788 | BK6: =VLOOKUP(L6,'Spec Sheet (2)'!$A$4:$Z$26703,26,0) -> 939mmx18mic Met BOPP(HSL) | BL6: =VLOOKUP(L6,'Spec Sheet (2)'!$A$4:$V$9,22,0) -> 18 | BM6: =VLOOKUP(L6,'Spec Sheet (2)'!$A$4:$T$26703,20,0)/1000 -> 0.939 | BN6: =AB6*BM6*CD6 -> 467.52107 | BO6: =IF(ISNA(VLOOKUP(BJ6,'ALL STOCK'!$C$4:$N$990,12,0)),"-",VLOOKUP(BJ6,'ALL STOCK'!$C$4:$N$990,12,0)) -> 4455.23 | BP6: =IF(ISNA(VLOOKUP(BJ6,'ALL STOCK'!$C$4:$J$990,8,0)),"-",VLOOKUP(BJ6,'ALL STOCK'!$C$4:$J$990,8,0)) -> 44.45 | BR6: =VLOOKUP(L6,'Spec Sheet (2)'!$A$4:$AN$9,40,0) -> 0 | BS6: =VLOOKUP(L6,'Spec Sheet (2)'!$A$4:$FD$9,160,0) -> E | BT6: =VLOOKUP(L6,'Spec Sheet (2)'!$A$4:$AK$26703,37,0) -> mmX mic | BU6: =VLOOKUP(L6,'Spec Sheet (2)'!$A$4:$AG$26703,33,0) -> 0 | BV6: =VLOOKUP(L6,'Spec Sheet (2)'!$A$4:$AE$26703,31,0)/1000 -> 0 | BW6: =AB6*BV6*CE6 -> 0 | BX6: =IF(ISNA(VLOOKUP(BR6,'ALL STOCK'!$C$3:$N$990,12,0)),"-",VLOOKUP(BR6,'ALL STOCK'!$C$3:$N$990,12,0)) -> - | BY6: =IF(ISNA(VLOOKUP(BR6,'ALL STOCK'!$C$4:$J$990,8,)),"-",VLOOKUP(BR6,'ALL STOCK'!$C$4:$J$990,8,)) -> - | BZ6: =VLOOKUP(L6,'Spec Sheet (2)'!$A$4:$B$25803,2,0) -> 1007 | CA6: =VLOOKUP(L6,'Spec Sheet (2)'!$A$4:$FO$25803,171,0) -> 3PLY | CB6: =VLOOKUP(L6,'Spec Sheet (2)'!$A$4:$FF$9,161,0) -> X | CC6: =VLOOKUP(L6,'Spec Sheet (2)'!$A$4:$M$25803,13,0) -> 10.8 | CD6: =VLOOKUP(L6,'Spec Sheet (2)'!$A$4:$X$26703,24,0) -> 16.2 | CE6: =VLOOKUP(L6,'Spec Sheet (2)'!$A$4:$AI$25803,35,0) -> 0 | CF6: =VLOOKUP(L6,'Spec Sheet (2)'!$A$4:$BF$26703,58,0) -> 1 | CG6: =VLOOKUP(L6,'Spec Sheet (2)'!$A$4:$FN$25803,169,0) -> 0 | CH6: =VLOOKUP(L6,'Spec Sheet (2)'!$A$4:$FN$25803,170,0) -> 0 | CI6: =VLOOKUP(L6,'Spec Sheet (2)'!$A$4:$CX$26703,102,0) -> 8 | CJ6: =VLOOKUP(L6,'Spec Sheet (2)'!$A$4:$DC$26703,107,0) -> 36 | CK6: =SUM(CC6:CI6) -> 36 | CL6: =VLOOKUP(L6,'Spec Sheet (2)'!$A$4:$FL$26703,168,0) -> 1.05 | CM6: =VLOOKUP(L6,'Spec Sheet (2)'!$A$4:$I$26703,9,0) -> 949 | CN6: =VLOOKUP(L6,'Spec Sheet (2)'!$A$4:$FP$26703,172,0) -> 36 | CO6: =VLOOKUP(L6,'Spec Sheet (2)'!$A$4:$D$26703,4,0) -> PARTY-3 | CQ6: =AQ6-AS6 -> 1050
A7: =K7 -> SO-4 | B7: =VLOOKUP(L7,'Spec Sheet (2)'!$A$4:$GD$26703,186,0) -> FLOW WRAP | F7: =VLOOKUP(L7,'Spec Sheet (2)'!$A$4:$S$9,19,0) -> Met Pet Chemical | G7: =VLOOKUP(L7,'Spec Sheet (2)'!$A$4:$B$739,2,0) -> 1008 | H7: =VLOOKUP(K7,'ORDER BOOK'!$I$3:$W$18,15,0) -> 46141 | J7: =VLOOKUP(L7,'Spec Sheet (2)'!$A$4:$CV$26703,100,0) -> - | K7: SO-4 | L7: JOB NAME-4 | M7: =VLOOKUP(K7,'ORDER BOOK'!$I$3:$K$18,3,0) -> C-4 | O7: =IF(X7+AM7+AR7+AW7=0,"BAL",IF(AJ7+AO7+AT7+AY7=0,"COMPLETED","BAL")) -> BAL | P7: =IF(S7="KG",R7*Q7,R7/1000*Q7) -> 1000 | Q7: 1 | R7: 1000 | S7: KG | T7: =(CC7+CF7)*P7*CL7/CK7 -> 256.29921 | U7: =T7/BE7/(CC7+CF7) -> 17.011762 | V7: =(Y7*AE7*CK7)/1.06 -> 0 | W7: =+S7 -> KG | X7: 0 | Y7: =X7/BE7/(CC7+CF7) -> 0 | Z7: =IF(T7-X7>0,T7-X7,0) -> 256.29921 | AA7: =+S7 -> KG | AB7: =IF(U7-Y7>0,U7-Y7,0) -> 17.011762 | AC7: =T7-AI7 -> 256.29921 | AD7: =AC7/BE7/(CC7+CF7) -> 17.011762 | AE7: =VLOOKUP(L7,'Spec Sheet (2)'!$A$4:$BE$9,57,0)/1000 -> 1.2 | AF7: =IF(CI7>0,AB7,0) -> 0 | AG7: =(IF(BS7="B",AB7,0)+IF(CB7="B",AB7,0)) -> 0 | AH7: =(IF(BS7="L",AB7,0)+IF(CB7="L",AB7,0)) -> 34.023525 | AI7: 0 | AJ7: =X7-AI7 -> 0 | AK7: =VLOOKUP(L7,'Spec Sheet (2)'!$A$4:$FG$15742,163,0) -> solv.Less | AL7: =CM7*U7*CJ7/1000-3*CM7*U7*CJ7/1000/100 -> 0 | AM7: 0 | AN7: 0 | AO7: =AM7-AN7 -> 0 | AP7: =VLOOKUP(L7,'Spec Sheet (2)'!$A$4:$FH$9,164,0) -> 0 | AQ7: =(U7*CM7*CN7/1000) -> 539.4685 | AR7: 0 | AS7: 0 | AT7: =AR7-AS7 -> 0 | AU7: =VLOOKUP(L7,'Spec Sheet (2)'!$A$4:$FI$9,165,0) -> solv.Less | AV7: =IF(H7="1PLY",0,IF(H7="2PLY",0,U7*CM7*CK7/1000))-2*IF(H7="1PLY",0,IF(H7="2PLY",0,U7*CM7*CK7/1000))/100 -> 1029 | AW7: 0 | AX7: 0 | AY7: =AW7-AX7 -> 0 | AZ7: =VLOOKUP(L7,'Spec Sheet (2)'!$A$4:$FJ$16684,166,0) -> Slitting | BA7: =IF(AK7="Slitting",AJ7,0)+IF(AP7="Slitting",AO7,0)+IF(AU7="Slitting",AT7,0)+IF(AZ7="Slitting",AY7,0) -> 0 | BB7: =VLOOKUP(L7,'Spec Sheet (2)'!$A$4:$AL$3749,38,0) -> 104399 | BC7: =VLOOKUP(L7,'Spec Sheet (2)'!$A$4:$O$26703,15,0) -> 1215mmX8Mic PET Chemical | BD7: =VLOOKUP(L7,'Spec Sheet (2)'!$A$4:$L$26703,11,0) -> 8 | BE7: =VLOOKUP(L7,'Spec Sheet (2)'!$A$4:$J$26703,9,0)/1000 -> 1.215 | BF7: =AB7*BE7*BD7*VLOOKUP(L7,'Spec Sheet (2)'!$A$4:$L$25803,12,0) -> 231.49606 | BG7: =IF(ISNA(VLOOKUP(BB7,'ALL STOCK'!$C$3:$N$990,12,0)),"-",VLOOKUP(BB7,'ALL STOCK'!$C$3:$N$990,12,0)) -> 4615.5 | BH7: =IF(ISNA(VLOOKUP(BB7,'ALL STOCK'!$C$3:$J$990,8,0)),"-",VLOOKUP(BB7,'ALL STOCK'!$C$3:$J$990,8,0)) -> 0 | BJ7: =VLOOKUP(L7,'Spec Sheet (2)'!$A$4:$AM$9,39,0) -> 104402 | BK7: =VLOOKUP(L7,'Spec Sheet (2)'!$A$4:$Z$26703,26,0) -> 1210mmx8mic Met Pet Chemical | BL7: =VLOOKUP(L7,'Spec Sheet (2)'!$A$4:$V$9,22,0) -> 8 | BM7: =VLOOKUP(L7,'Spec Sheet (2)'!$A$4:$T$26703,20,0)/1000 -> 1.21 | BN7: =AB7*BM7*CD7 -> 230.5434 | BO7: =IF(ISNA(VLOOKUP(BJ7,'ALL STOCK'!$C$4:$N$990,12,0)),"-",VLOOKUP(BJ7,'ALL STOCK'!$C$4:$N$990,12,0)) -> 4546.23 | BP7: =IF(ISNA(VLOOKUP(BJ7,'ALL STOCK'!$C$4:$J$990,8,0)),"-",VLOOKUP(BJ7,'ALL STOCK'!$C$4:$J$990,8,0)) -> 0 | BR7: =VLOOKUP(L7,'Spec Sheet (2)'!$A$4:$AN$9,40,0) -> 104432 | BS7: =VLOOKUP(L7,'Spec Sheet (2)'!$A$4:$FD$9,160,0) -> L | BT7: =VLOOKUP(L7,'Spec Sheet (2)'!$A$4:$AK$26703,37,0) -> 1215mmX 25mic PE (Natural) | BU7: =VLOOKUP(L7,'Spec Sheet (2)'!$A$4:$AG$26703,33,0) -> 25 | BV7: =VLOOKUP(L7,'Spec Sheet (2)'!$A$4:$AE$26703,31,0)/1000 -> 1.215 | BW7: =AB7*BV7*CE7 -> 475.3937 | BX7: =IF(ISNA(VLOOKUP(BR7,'ALL STOCK'!$C$3:$N$990,12,0)),"-",VLOOKUP(BR7,'ALL STOCK'!$C$3:$N$990,12,0)) -> 2304.6 | BY7: =IF(ISNA(VLOOKUP(BR7,'ALL STOCK'!$C$4:$J$990,8,)),"-",VLOOKUP(BR7,'ALL STOCK'!$C$4:$J$990,8,)) -> 5500 | BZ7: =VLOOKUP(L7,'Spec Sheet (2)'!$A$4:$B$25803,2,0) -> 1008 | CA7: =VLOOKUP(L7,'Spec Sheet (2)'!$A$4:$FO$25803,171,0) -> 3ply | CB7: =VLOOKUP(L7,'Spec Sheet (2)'!$A$4:$FF$9,161,0) -> L | CC7: =VLOOKUP(L7,'Spec Sheet (2)'!$A$4:$M$25803,13,0) -> 11.2 | CD7: =VLOOKUP(L7,'Spec Sheet (2)'!$A$4:$X$26703,24,0) -> 11.2 | CE7: =VLOOKUP(L7,'Spec Sheet (2)'!$A$4:$AI$25803,35,0) -> 23 | CF7: =VLOOKUP(L7,'Spec Sheet (2)'!$A$4:$BF$26703,58,0) -> 1.2 | CG7: =VLOOKUP(L7,'Spec Sheet (2)'!$A$4:$FN$25803,169,0) -> 2.5 | CH7: =VLOOKUP(L7,'Spec Sheet (2)'!$A$4:$FN$25803,170,0) -> 1.7 | CI7: =VLOOKUP(L7,'Spec Sheet (2)'!$A$4:$CX$26703,102,0) -> 0 | CJ7: =VLOOKUP(L7,'Spec Sheet (2)'!$A$4:$DC$26703,107,0) -> 0 | CK7: =SUM(CC7:CI7) -> 50.8 | CL7: =VLOOKUP(L7,'Spec Sheet (2)'!$A$4:$FL$26703,168,0) -> 1.05 | CM7: =VLOOKUP(L7,'Spec Sheet (2)'!$A$4:$I$26703,9,0) -> 1215 | CN7: =VLOOKUP(L7,'Spec Sheet (2)'!$A$4:$FP$26703,172,0) -> 26.1 | CO7: =VLOOKUP(L7,'Spec Sheet (2)'!$A$4:$D$26703,4,0) -> PARTY-4 | CQ7: =AQ7-AS7 -> 539.4685
A8: =K8 -> SO-5 | B8: =VLOOKUP(L8,'Spec Sheet (2)'!$A$4:$GD$26703,186,0) -> SPICE | F8: =VLOOKUP(L8,'Spec Sheet (2)'!$A$4:$S$9,19,0) -> Met Pet Corona | G8: =VLOOKUP(L8,'Spec Sheet (2)'!$A$4:$B$739,2,0) -> 1009 | H8: =VLOOKUP(K8,'ORDER BOOK'!$I$3:$W$18,15,0) -> 46141 | J8: =VLOOKUP(L8,'Spec Sheet (2)'!$A$4:$CV$26703,100,0) -> - | K8: SO-5 | L8: JOB NAME-5 | M8: =VLOOKUP(K8,'ORDER BOOK'!$I$3:$K$18,3,0) -> C-5 | O8: =IF(X8+AM8+AR8+AW8=0,"BAL",IF(AJ8+AO8+AT8+AY8=0,"COMPLETED","BAL")) -> BAL | P8: =IF(S8="KG",R8*Q8,R8/1000*Q8) -> 862.5 | Q8: 11.5 | R8: 75000 | S8: NO | T8: =(CC8+CF8)*P8*CL8/CK8 -> 217.64019 | U8: =T8/BE8/(CC8+CF8) -> 9.9515403 | V8: =(Y8*AE8*CK8)/1.06 -> 0 | W8: =+S8 -> NO | X8: 0 | Y8: =X8/BE8/(CC8+CF8) -> 0 | Z8: =IF(T8-X8>0,T8-X8,0) -> 217.64019 | AA8: =+S8 -> NO | AB8: =IF(U8-Y8>0,U8-Y8,0) -> 9.9515403 | AC8: =T8-AI8 -> 217.64019 | AD8: =AC8/BE8/(CC8+CF8) -> 9.9515403 | AE8: =VLOOKUP(L8,'Spec Sheet (2)'!$A$4:$BE$9,57,0)/1000 -> 1.2 | AF8: =IF(CI8>0,AB8,0) -> 0 | AG8: =(IF(BS8="B",AB8,0)+IF(CB8="B",AB8,0)) -> 0 | AH8: =(IF(BS8="L",AB8,0)+IF(CB8="L",AB8,0)) -> 19.903081 | AI8: 0 | AJ8: =X8-AI8 -> 0 | AK8: =VLOOKUP(L8,'Spec Sheet (2)'!$A$4:$FG$15742,163,0) -> solv.Less | AL8: =CM8*U8*CJ8/1000-3*CM8*U8*CJ8/1000/100 -> 0 | AM8: 0 | AN8: 0 | AO8: =AM8-AN8 -> 0 | AP8: =VLOOKUP(L8,'Spec Sheet (2)'!$A$4:$FH$9,164,0) -> 0 | AQ8: =(U8*CM8*CN8/1000) -> 440.11682 | AR8: 0 | AS8: 0 | AT8: =AR8-AS8 -> 0 | AU8: =VLOOKUP(L8,'Spec Sheet (2)'!$A$4:$FI$9,165,0) -> solv.Less | AV8: =IF(H8="1PLY",0,IF(H8="2PLY",0,U8*CM8*CK8/1000))-2*IF(H8="1PLY",0,IF(H8="2PLY",0,U8*CM8*CK8/1000))/100 -> 887.5125 | AW8: 0 | AX8: 0 | AY8: =AW8-AX8 -> 0 | AZ8: =VLOOKUP(L8,'Spec Sheet (2)'!$A$4:$FJ$16684,166,0) -> Slitting | BA8: =IF(AK8="Slitting",AJ8,0)+IF(AP8="Slitting",AO8,0)+IF(AU8="Slitting",AT8,0)+IF(AZ8="Slitting",AY8,0) -> 0 | BB8: =VLOOKUP(L8,'Spec Sheet (2)'!$A$4:$AL$3749,38,0) -> 100019 | BC8: =VLOOKUP(L8,'Spec Sheet (2)'!$A$4:$O$26703,15,0) -> 1215mmX12Mic PET Corona | BD8: =VLOOKUP(L8,'Spec Sheet (2)'!$A$4:$L$26703,11,0) -> 12 | BE8: =VLOOKUP(L8,'Spec Sheet (2)'!$A$4:$J$26703,9,0)/1000 -> 1.215 | BF8: =AB8*BE8*BD8*VLOOKUP(L8,'Spec Sheet (2)'!$A$4:$L$25803,12,0) -> 203.13084 | BG8: =IF(ISNA(VLOOKUP(BB8,'ALL STOCK'!$C$3:$N$990,12,0)),"-",VLOOKUP(BB8,'ALL STOCK'!$C$3:$N$990,12,0)) -> 3535.89 | BH8: =IF(ISNA(VLOOKUP(BB8,'ALL STOCK'!$C$3:$J$990,8,0)),"-",VLOOKUP(BB8,'ALL STOCK'!$C$3:$J$990,8,0)) -> 0 | BJ8: =VLOOKUP(L8,'Spec Sheet (2)'!$A$4:$AM$9,39,0) -> 104783 | BK8: =VLOOKUP(L8,'Spec Sheet (2)'!$A$4:$Z$26703,26,0) -> 1210mmx12mic Met Pet Corona | BL8: =VLOOKUP(L8,'Spec Sheet (2)'!$A$4:$V$9,22,0) -> 12 | BM8: =VLOOKUP(L8,'Spec Sheet (2)'!$A$4:$T$26703,20,0)/1000 -> 1.21 | BN8: =AB8*BM8*CD8 -> 202.29491 | BO8: =IF(ISNA(VLOOKUP(BJ8,'ALL STOCK'!$C$4:$N$990,12,0)),"-",VLOOKUP(BJ8,'ALL STOCK'!$C$4:$N$990,12,0)) -> 1000.84 | BP8: =IF(ISNA(VLOOKUP(BJ8,'ALL STOCK'!$C$4:$J$990,8,0)),"-",VLOOKUP(BJ8,'ALL STOCK'!$C$4:$J$990,8,0)) -> 0 | BR8: =VLOOKUP(L8,'Spec Sheet (2)'!$A$4:$AN$9,40,0) -> 104847 | BS8: =VLOOKUP(L8,'Spec Sheet (2)'!$A$4:$FD$9,160,0) -> L | BT8: =VLOOKUP(L8,'Spec Sheet (2)'!$A$4:$AK$26703,37,0) -> 1215mmX 40mic PE (Natural) | BU8: =VLOOKUP(L8,'Spec Sheet (2)'!$A$4:$AG$26703,33,0) -> 40 | BV8: =VLOOKUP(L8,'Spec Sheet (2)'!$A$4:$AE$26703,31,0)/1000 -> 1.215 | BW8: =AB8*BV8*CE8 -> 444.95327 | BX8: =IF(ISNA(VLOOKUP(BR8,'ALL STOCK'!$C$3:$N$990,12,0)),"-",VLOOKUP(BR8,'ALL STOCK'!$C$3:$N$990,12,0)) -> 109.2 | BY8: =IF(ISNA(VLOOKUP(BR8,'ALL STOCK'!$C$4:$J$990,8,)),"-",VLOOKUP(BR8,'ALL STOCK'!$C$4:$J$990,8,)) -> 0 | BZ8: =VLOOKUP(L8,'Spec Sheet (2)'!$A$4:$B$25803,2,0) -> 1009 | CA8: =VLOOKUP(L8,'Spec Sheet (2)'!$A$4:$FO$25803,171,0) -> 3ply | CB8: =VLOOKUP(L8,'Spec Sheet (2)'!$A$4:$FF$9,161,0) -> L | CC8: =VLOOKUP(L8,'Spec Sheet (2)'!$A$4:$M$25803,13,0) -> 16.8 | CD8: =VLOOKUP(L8,'Spec Sheet (2)'!$A$4:$X$26703,24,0) -> 16.8 | CE8: =VLOOKUP(L8,'Spec Sheet (2)'!$A$4:$AI$25803,35,0) -> 36.8 | CF8: =VLOOKUP(L8,'Spec Sheet (2)'!$A$4:$BF$26703,58,0) -> 1.2 | CG8: =VLOOKUP(L8,'Spec Sheet (2)'!$A$4:$FN$25803,169,0) -> 1.6 | CH8: =VLOOKUP(L8,'Spec Sheet (2)'!$A$4:$FN$25803,170,0) -> 1.7 | CI8: =VLOOKUP(L8,'Spec Sheet (2)'!$A$4:$CX$26703,102,0) -> 0 | CJ8: =VLOOKUP(L8,'Spec Sheet (2)'!$A$4:$DC$26703,107,0) -> 0 | CK8: =SUM(CC8:CI8) -> 74.9 | CL8: =VLOOKUP(L8,'Spec Sheet (2)'!$A$4:$FL$26703,168,0) -> 1.05 | CM8: =VLOOKUP(L8,'Spec Sheet (2)'!$A$4:$I$26703,9,0) -> 1215 | CN8: =VLOOKUP(L8,'Spec Sheet (2)'!$A$4:$FP$26703,172,0) -> 36.4 | CO8: =VLOOKUP(L8,'Spec Sheet (2)'!$A$4:$D$26703,4,0) -> PARTY-5 | CQ8: =AQ8-AS8 -> 440.11682
A9: =K9 -> SO-6 | B9: =VLOOKUP(L9,'Spec Sheet (2)'!$A$4:$GD$26703,186,0) -> FLOW WRAP | F9: =VLOOKUP(L9,'Spec Sheet (2)'!$A$4:$S$9,19,0) -> PE (White) | G9: =VLOOKUP(L9,'Spec Sheet (2)'!$A$4:$B$739,2,0) -> 1010 | H9: =VLOOKUP(K9,'ORDER BOOK'!$I$3:$W$18,15,0) -> 46141 | J9: =VLOOKUP(L9,'Spec Sheet (2)'!$A$4:$CV$26703,100,0) -> - | K9: SO-6 | L9: JOB NAME-6 | M9: =VLOOKUP(K9,'ORDER BOOK'!$I$3:$K$18,3,0) -> C-6 | O9: =IF(X9+AM9+AR9+AW9=0,"BAL",IF(AJ9+AO9+AT9+AY9=0,"COMPLETED","BAL")) -> BAL | P9: =IF(S9="KG",R9*Q9,R9/1000*Q9) -> 1000 | Q9: 1 | R9: 1000 | S9: KG | T9: =(CC9+CF9)*P9*CL9/CK9 -> 358.98285 | U9: =T9/BE9/(CC9+CF9) -> 17.163894 | V9: =(Y9*AE9*CK9)/1.06 -> 0 | W9: =+S9 -> KG | X9: 0 | Y9: =X9/BE9/(CC9+CF9) -> 0 | Z9: =IF(T9-X9>0,T9-X9,0) -> 358.98285 | AA9: =+S9 -> KG | AB9: =IF(U9-Y9>0,U9-Y9,0) -> 17.163894 | AC9: =T9-AI9 -> 358.98285 | AD9: =AC9/BE9/(CC9+CF9) -> 17.163894 | AE9: =VLOOKUP(L9,'Spec Sheet (2)'!$A$4:$BE$9,57,0)/1000 -> 1.16 | AF9: =IF(CI9>0,AB9,0) -> 0 | AG9: =(IF(BS9="B",AB9,0)+IF(CB9="B",AB9,0)) -> 17.163894 | AH9: =(IF(BS9="L",AB9,0)+IF(CB9="L",AB9,0)) -> 0 | AI9: 0 | AJ9: =X9-AI9 -> 0 | AK9: =VLOOKUP(L9,'Spec Sheet (2)'!$A$4:$FG$15742,163,0) -> solv.Less | AL9: =CM9*U9*CJ9/1000-3*CM9*U9*CJ9/1000/100 -> 0 | AM9: 0 | AN9: 0 | AO9: =AM9-AN9 -> 0 | AP9: =VLOOKUP(L9,'Spec Sheet (2)'!$A$4:$FH$9,164,0) -> 0 | AQ9: =(U9*CM9*CN9/1000) -> 1035 | AR9: 0 | AS9: 0 | AT9: =AR9-AS9 -> 0 | AU9: =VLOOKUP(L9,'Spec Sheet (2)'!$A$4:$FI$9,165,0) -> Slitting | AV9: =IF(H9="1PLY",0,IF(H9="2PLY",0,U9*CM9*CK9/1000))-2*IF(H9="1PLY",0,IF(H9="2PLY",0,U9*CM9*CK9/1000))/100 -> 1014.3 | AW9: 0 | AX9: 0 | AY9: =AW9-AX9 -> 0 | AZ9: =VLOOKUP(L9,'Spec Sheet (2)'!$A$4:$FJ$16684,166,0) -> 0 | BA9: =IF(AK9="Slitting",AJ9,0)+IF(AP9="Slitting",AO9,0)+IF(AU9="Slitting",AT9,0)+IF(AZ9="Slitting",AY9,0) -> 0 | BB9: =VLOOKUP(L9,'Spec Sheet (2)'!$A$4:$AL$3749,38,0) -> 100393 | BC9: =VLOOKUP(L9,'Spec Sheet (2)'!$A$4:$O$26703,15,0) -> 1175mmX12Mic PET Corona | BD9: =VLOOKUP(L9,'Spec Sheet (2)'!$A$4:$L$26703,11,0) -> 12 | BE9: =VLOOKUP(L9,'Spec Sheet (2)'!$A$4:$J$26703,9,0)/1000 -> 1.175 | BF9: =AB9*BE9*BD9*VLOOKUP(L9,'Spec Sheet (2)'!$A$4:$L$25803,12,0) -> 338.81528 | BG9: =IF(ISNA(VLOOKUP(BB9,'ALL STOCK'!$C$3:$N$990,12,0)),"-",VLOOKUP(BB9,'ALL STOCK'!$C$3:$N$990,12,0)) -> 1632.64 | BH9: =IF(ISNA(VLOOKUP(BB9,'ALL STOCK'!$C$3:$J$990,8,0)),"-",VLOOKUP(BB9,'ALL STOCK'!$C$3:$J$990,8,0)) -> 0 | BJ9: =VLOOKUP(L9,'Spec Sheet (2)'!$A$4:$AM$9,39,0) -> 0 | BK9: =VLOOKUP(L9,'Spec Sheet (2)'!$A$4:$Z$26703,26,0) -> 1175mmx33mic PE (White) | BL9: =VLOOKUP(L9,'Spec Sheet (2)'!$A$4:$V$9,22,0) -> 33 | BM9: =VLOOKUP(L9,'Spec Sheet (2)'!$A$4:$T$26703,20,0)/1000 -> 1.175 | BN9: =AB9*BM9*CD9 -> 625.59821 | BO9: =IF(ISNA(VLOOKUP(BJ9,'ALL STOCK'!$C$4:$N$990,12,0)),"-",VLOOKUP(BJ9,'ALL STOCK'!$C$4:$N$990,12,0)) -> - | BP9: =IF(ISNA(VLOOKUP(BJ9,'ALL STOCK'!$C$4:$J$990,8,0)),"-",VLOOKUP(BJ9,'ALL STOCK'!$C$4:$J$990,8,0)) -> - | BR9: =VLOOKUP(L9,'Spec Sheet (2)'!$A$4:$AN$9,40,0) -> 0 | BS9: =VLOOKUP(L9,'Spec Sheet (2)'!$A$4:$FD$9,160,0) -> B | BT9: =VLOOKUP(L9,'Spec Sheet (2)'!$A$4:$AK$26703,37,0) -> mmX mic | BU9: =VLOOKUP(L9,'Spec Sheet (2)'!$A$4:$AG$26703,33,0) -> 0 | BV9: =VLOOKUP(L9,'Spec Sheet (2)'!$A$4:$AE$26703,31,0)/1000 -> 0 | BW9: =AB9*BV9*CE9 -> 0 | BX9: =IF(ISNA(VLOOKUP(BR9,'ALL STOCK'!$C$3:$N$990,12,0)),"-",VLOOKUP(BR9,'ALL STOCK'!$C$3:$N$990,12,0)) -> - | BY9: =IF(ISNA(VLOOKUP(BR9,'ALL STOCK'!$C$4:$J$990,8,)),"-",VLOOKUP(BR9,'ALL STOCK'!$C$4:$J$990,8,)) -> - | BZ9: =VLOOKUP(L9,'Spec Sheet (2)'!$A$4:$B$25803,2,0) -> 1010 | CA9: =VLOOKUP(L9,'Spec Sheet (2)'!$A$4:$FO$25803,171,0) -> 2PLY | CB9: =VLOOKUP(L9,'Spec Sheet (2)'!$A$4:$FF$9,161,0) -> X | CC9: =VLOOKUP(L9,'Spec Sheet (2)'!$A$4:$M$25803,13,0) -> 16.8 | CD9: =VLOOKUP(L9,'Spec Sheet (2)'!$A$4:$X$26703,24,0) -> 31.02 | CE9: =VLOOKUP(L9,'Spec Sheet (2)'!$A$4:$AI$25803,35,0) -> 0 | CF9: =VLOOKUP(L9,'Spec Sheet (2)'!$A$4:$BF$26703,58,0) -> 1 | CG9: =VLOOKUP(L9,'Spec Sheet (2)'!$A$4:$FN$25803,169,0) -> 2.5 | CH9: =VLOOKUP(L9,'Spec Sheet (2)'!$A$4:$FN$25803,170,0) -> 0 | CI9: =VLOOKUP(L9,'Spec Sheet (2)'!$A$4:$CX$26703,102,0) -> 0 | CJ9: =VLOOKUP(L9,'Spec Sheet (2)'!$A$4:$DC$26703,107,0) -> 0 | CK9: =SUM(CC9:CI9) -> 51.32 | CL9: =VLOOKUP(L9,'Spec Sheet (2)'!$A$4:$FL$26703,168,0) -> 1.035 | CM9: =VLOOKUP(L9,'Spec Sheet (2)'!$A$4:$I$26703,9,0) -> 1175 | CN9: =VLOOKUP(L9,'Spec Sheet (2)'!$A$4:$FP$26703,172,0) -> 51.32 | CO9: =VLOOKUP(L9,'Spec Sheet (2)'!$A$4:$D$26703,4,0) -> PARTY-6 | CQ9: =AQ9-AS9 -> 1035
A10: =K10 -> 0 | B10: =VLOOKUP(L10,'Spec Sheet (2)'!$A$4:$GD$26703,186,0) -> #N/A | F10: =VLOOKUP(L10,'Spec Sheet (2)'!$A$4:$S$9,19,0) -> #N/A | G10: =VLOOKUP(L10,'Spec Sheet (2)'!$A$4:$B$739,2,0) -> #N/A | H10: =VLOOKUP(K10,'ORDER BOOK'!$I$3:$W$18,15,0) -> #N/A | J10: =VLOOKUP(L10,'Spec Sheet (2)'!$A$4:$CV$26703,100,0) -> #N/A | M10: =VLOOKUP(K10,'ORDER BOOK'!$I$3:$K$18,3,0) -> #N/A | O10: =IF(X10+AM10+AR10+AW10=0,"BAL",IF(AJ10+AO10+AT10+AY10=0,"COMPLETED","BAL")) -> BAL | P10: =IF(S10="KG",R10*Q10,R10/1000*Q10) -> 0 | Q10: 1 | S10: KG | T10: =(CC10+CF10)*P10*CL10/CK10 -> #N/A | U10: =T10/BE10/(CC10+CF10) -> #N/A | V10: =(Y10*AE10*CK10)/1.06 -> #N/A | W10: =+S10 -> KG | X10: 0 | Y10: =X10/BE10/(CC10+CF10) -> #N/A | Z10: =IF(T10-X10>0,T10-X10,0) -> #N/A | AA10: =+S10 -> KG | AB10: =IF(U10-Y10>0,U10-Y10,0) -> #N/A | AC10: =T10-AI10 -> #N/A | AD10: =AC10/BE10/(CC10+CF10) -> #N/A | AE10: =VLOOKUP(L10,'Spec Sheet (2)'!$A$4:$BE$9,57,0)/1000 -> #N/A | AF10: =IF(CI10>0,AB10,0) -> #N/A | AG10: =(IF(BS10="B",AB10,0)+IF(CB10="B",AB10,0)) -> #N/A | AH10: =(IF(BS10="L",AB10,0)+IF(CB10="L",AB10,0)) -> #N/A | AI10: 0 | AJ10: =X10-AI10 -> 0 | AK10: =VLOOKUP(L10,'Spec Sheet (2)'!$A$4:$FG$15742,163,0) -> #N/A | AL10: =CM10*U10*CJ10/1000-3*CM10*U10*CJ10/1000/100 -> #N/A | AM10: 0 | AN10: 0 | AO10: =AM10-AN10 -> 0 | AP10: =VLOOKUP(L10,'Spec Sheet (2)'!$A$4:$FH$9,164,0) -> #N/A | AQ10: =(U10*CM10*CN10/1000) -> #N/A | AR10: 0 | AS10: 0 | AT10: =AR10-AS10 -> 0 | AU10: =VLOOKUP(L10,'Spec Sheet (2)'!$A$4:$FI$9,165,0) -> #N/A | AV10: =IF(H10="1PLY",0,IF(H10="2PLY",0,U10*CM10*CK10/1000))-2*IF(H10="1PLY",0,IF(H10="2PLY",0,U10*CM10*CK10/1000))/100 -> #N/A | AW10: 0 | AX10: 0 | AY10: =AW10-AX10 -> 0 | AZ10: =VLOOKUP(L10,'Spec Sheet (2)'!$A$4:$FJ$16684,166,0) -> #N/A | BA10: =IF(AK10="Slitting",AJ10,0)+IF(AP10="Slitting",AO10,0)+IF(AU10="Slitting",AT10,0)+IF(AZ10="Slitting",AY10,0) -> #N/A | BB10: =VLOOKUP(L10,'Spec Sheet (2)'!$A$4:$AL$3749,38,0) -> #N/A | BC10: =VLOOKUP(L10,'Spec Sheet (2)'!$A$4:$O$26703,15,0) -> #N/A | BD10: =VLOOKUP(L10,'Spec Sheet (2)'!$A$4:$L$26703,11,0) -> #N/A | BE10: =VLOOKUP(L10,'Spec Sheet (2)'!$A$4:$J$26703,9,0)/1000 -> #N/A | BF10: =AB10*BE10*BD10*VLOOKUP(L10,'Spec Sheet (2)'!$A$4:$L$25803,12,0) -> #N/A | BG10: =IF(ISNA(VLOOKUP(BB10,'ALL STOCK'!$C$3:$N$990,12,0)),"-",VLOOKUP(BB10,'ALL STOCK'!$C$3:$N$990,12,0)) -> - | BH10: =IF(ISNA(VLOOKUP(BB10,'ALL STOCK'!$C$3:$J$990,8,0)),"-",VLOOKUP(BB10,'ALL STOCK'!$C$3:$J$990,8,0)) -> - | BJ10: =VLOOKUP(L10,'Spec Sheet (2)'!$A$4:$AM$9,39,0) -> #N/A | BK10: =VLOOKUP(L10,'Spec Sheet (2)'!$A$4:$Z$26703,26,0) -> #N/A | BL10: =VLOOKUP(L10,'Spec Sheet (2)'!$A$4:$V$9,22,0) -> #N/A | BM10: =VLOOKUP(L10,'Spec Sheet (2)'!$A$4:$T$26703,20,0)/1000 -> #N/A | BN10: =AB10*BM10*CD10 -> #N/A | BO10: =IF(ISNA(VLOOKUP(BJ10,'ALL STOCK'!$C$4:$N$990,12,0)),"-",VLOOKUP(BJ10,'ALL STOCK'!$C$4:$N$990,12,0)) -> - | BP10: =IF(ISNA(VLOOKUP(BJ10,'ALL STOCK'!$C$4:$J$990,8,0)),"-",VLOOKUP(BJ10,'ALL STOCK'!$C$4:$J$990,8,0)) -> - | BR10: =VLOOKUP(L10,'Spec Sheet (2)'!$A$4:$AN$9,40,0) -> #N/A | BS10: =VLOOKUP(L10,'Spec Sheet (2)'!$A$4:$FD$9,160,0) -> #N/A | BT10: =VLOOKUP(L10,'Spec Sheet (2)'!$A$4:$AK$26703,37,0) -> #N/A | BU10: =VLOOKUP(L10,'Spec Sheet (2)'!$A$4:$AG$26703,33,0) -> #N/A | BV10: =VLOOKUP(L10,'Spec Sheet (2)'!$A$4:$AE$26703,31,0)/1000 -> #N/A | BW10: =AB10*BV10*CE10 -> #N/A | BX10: =IF(ISNA(VLOOKUP(BR10,'ALL STOCK'!$C$3:$N$990,12,0)),"-",VLOOKUP(BR10,'ALL STOCK'!$C$3:$N$990,12,0)) -> - | BY10: =IF(ISNA(VLOOKUP(BR10,'ALL STOCK'!$C$4:$J$990,8,)),"-",VLOOKUP(BR10,'ALL STOCK'!$C$4:$J$990,8,)) -> - | BZ10: =VLOOKUP(L10,'Spec Sheet (2)'!$A$4:$B$25803,2,0) -> #N/A | CA10: =VLOOKUP(L10,'Spec Sheet (2)'!$A$4:$FO$25803,171,0) -> #N/A | CB10: =VLOOKUP(L10,'Spec Sheet (2)'!$A$4:$FF$9,161,0) -> #N/A | CC10: =VLOOKUP(L10,'Spec Sheet (2)'!$A$4:$M$25803,13,0) -> #N/A | CD10: =VLOOKUP(L10,'Spec Sheet (2)'!$A$4:$X$26703,24,0) -> #N/A | CE10: =VLOOKUP(L10,'Spec Sheet (2)'!$A$4:$AI$25803,35,0) -> #N/A | CF10: =VLOOKUP(L10,'Spec Sheet (2)'!$A$4:$BF$26703,58,0) -> #N/A | CG10: =VLOOKUP(L10,'Spec Sheet (2)'!$A$4:$FN$25803,169,0) -> #N/A | CH10: =VLOOKUP(L10,'Spec Sheet (2)'!$A$4:$FN$25803,170,0) -> #N/A | CI10: =VLOOKUP(L10,'Spec Sheet (2)'!$A$4:$CX$26703,102,0) -> #N/A | CJ10: =VLOOKUP(L10,'Spec Sheet (2)'!$A$4:$DC$26703,107,0) -> #N/A | CK10: =SUM(CC10:CI10) -> #N/A | CL10: =VLOOKUP(L10,'Spec Sheet (2)'!$A$4:$FL$26703,168,0) -> #N/A | CM10: =VLOOKUP(L10,'Spec Sheet (2)'!$A$4:$I$26703,9,0) -> #N/A | CN10: =VLOOKUP(L10,'Spec Sheet (2)'!$A$4:$FP$26703,172,0) -> #N/A | CO10: =VLOOKUP(L10,'Spec Sheet (2)'!$A$4:$D$26703,4,0) -> #N/A | CQ10: =AQ10-AS10 -> #N/A
A11: =K11 -> 0 | B11: =VLOOKUP(L11,'Spec Sheet (2)'!$A$4:$GD$26703,186,0) -> #N/A | F11: =VLOOKUP(L11,'Spec Sheet (2)'!$A$4:$S$9,19,0) -> #N/A | G11: =VLOOKUP(L11,'Spec Sheet (2)'!$A$4:$B$739,2,0) -> #N/A | H11: =VLOOKUP(K11,'ORDER BOOK'!$I$3:$W$18,15,0) -> #N/A | J11: =VLOOKUP(L11,'Spec Sheet (2)'!$A$4:$CV$26703,100,0) -> #N/A | M11: =VLOOKUP(K11,'ORDER BOOK'!$I$3:$K$18,3,0) -> #N/A | O11: =IF(X11+AM11+AR11+AW11=0,"BAL",IF(AJ11+AO11+AT11+AY11=0,"COMPLETED","BAL")) -> BAL | P11: =IF(S11="KG",R11*Q11,R11/1000*Q11) -> 0 | Q11: 1 | S11: KG | T11: =(CC11+CF11)*P11*CL11/CK11 -> #N/A | U11: =T11/BE11/(CC11+CF11) -> #N/A | V11: =(Y11*AE11*CK11)/1.06 -> #N/A | W11: =+S11 -> KG | X11: 0 | Y11: =X11/BE11/(CC11+CF11) -> #N/A | Z11: =IF(T11-X11>0,T11-X11,0) -> #N/A | AA11: =+S11 -> KG | AB11: =IF(U11-Y11>0,U11-Y11,0) -> #N/A | AC11: =T11-AI11 -> #N/A | AD11: =AC11/BE11/(CC11+CF11) -> #N/A | AE11: =VLOOKUP(L11,'Spec Sheet (2)'!$A$4:$BE$9,57,0)/1000 -> #N/A | AF11: =IF(CI11>0,AB11,0) -> #N/A | AG11: =(IF(BS11="B",AB11,0)+IF(CB11="B",AB11,0)) -> #N/A | AH11: =(IF(BS11="L",AB11,0)+IF(CB11="L",AB11,0)) -> #N/A | AI11: 0 | AJ11: =X11-AI11 -> 0 | AK11: =VLOOKUP(L11,'Spec Sheet (2)'!$A$4:$FG$15742,163,0) -> #N/A | AL11: =CM11*U11*CJ11/1000-3*CM11*U11*CJ11/1000/100 -> #N/A | AM11: 0 | AN11: 0 | AO11: =AM11-AN11 -> 0 | AP11: =VLOOKUP(L11,'Spec Sheet (2)'!$A$4:$FH$9,164,0) -> #N/A | AQ11: =(U11*CM11*CN11/1000) -> #N/A | AR11: 0 | AS11: 0 | AT11: =AR11-AS11 -> 0 | AU11: =VLOOKUP(L11,'Spec Sheet (2)'!$A$4:$FI$9,165,0) -> #N/A | AV11: =IF(H11="1PLY",0,IF(H11="2PLY",0,U11*CM11*CK11/1000))-2*IF(H11="1PLY",0,IF(H11="2PLY",0,U11*CM11*CK11/1000))/100 -> #N/A | AW11: 0 | AX11: 0 | AY11: =AW11-AX11 -> 0 | AZ11: =VLOOKUP(L11,'Spec Sheet (2)'!$A$4:$FJ$16684,166,0) -> #N/A | BA11: =IF(AK11="Slitting",AJ11,0)+IF(AP11="Slitting",AO11,0)+IF(AU11="Slitting",AT11,0)+IF(AZ11="Slitting",AY11,0) -> #N/A | BB11: =VLOOKUP(L11,'Spec Sheet (2)'!$A$4:$AL$3749,38,0) -> #N/A | BC11: =VLOOKUP(L11,'Spec Sheet (2)'!$A$4:$O$26703,15,0) -> #N/A | BD11: =VLOOKUP(L11,'Spec Sheet (2)'!$A$4:$L$26703,11,0) -> #N/A | BE11: =VLOOKUP(L11,'Spec Sheet (2)'!$A$4:$J$26703,9,0)/1000 -> #N/A | BF11: =AB11*BE11*BD11*VLOOKUP(L11,'Spec Sheet (2)'!$A$4:$L$25803,12,0) -> #N/A | BG11: =IF(ISNA(VLOOKUP(BB11,'ALL STOCK'!$C$3:$N$990,12,0)),"-",VLOOKUP(BB11,'ALL STOCK'!$C$3:$N$990,12,0)) -> - | BH11: =IF(ISNA(VLOOKUP(BB11,'ALL STOCK'!$C$3:$J$990,8,0)),"-",VLOOKUP(BB11,'ALL STOCK'!$C$3:$J$990,8,0)) -> - | BJ11: =VLOOKUP(L11,'Spec Sheet (2)'!$A$4:$AM$9,39,0) -> #N/A | BK11: =VLOOKUP(L11,'Spec Sheet (2)'!$A$4:$Z$26703,26,0) -> #N/A | BL11: =VLOOKUP(L11,'Spec Sheet (2)'!$A$4:$V$9,22,0) -> #N/A | BM11: =VLOOKUP(L11,'Spec Sheet (2)'!$A$4:$T$26703,20,0)/1000 -> #N/A | BN11: =AB11*BM11*CD11 -> #N/A | BO11: =IF(ISNA(VLOOKUP(BJ11,'ALL STOCK'!$C$4:$N$990,12,0)),"-",VLOOKUP(BJ11,'ALL STOCK'!$C$4:$N$990,12,0)) -> - | BP11: =IF(ISNA(VLOOKUP(BJ11,'ALL STOCK'!$C$4:$J$990,8,0)),"-",VLOOKUP(BJ11,'ALL STOCK'!$C$4:$J$990,8,0)) -> - | BR11: =VLOOKUP(L11,'Spec Sheet (2)'!$A$4:$AN$9,40,0) -> #N/A | BS11: =VLOOKUP(L11,'Spec Sheet (2)'!$A$4:$FD$9,160,0) -> #N/A | BT11: =VLOOKUP(L11,'Spec Sheet (2)'!$A$4:$AK$26703,37,0) -> #N/A | BU11: =VLOOKUP(L11,'Spec Sheet (2)'!$A$4:$AG$26703,33,0) -> #N/A | BV11: =VLOOKUP(L11,'Spec Sheet (2)'!$A$4:$AE$26703,31,0)/1000 -> #N/A | BW11: =AB11*BV11*CE11 -> #N/A | BX11: =IF(ISNA(VLOOKUP(BR11,'ALL STOCK'!$C$3:$N$990,12,0)),"-",VLOOKUP(BR11,'ALL STOCK'!$C$3:$N$990,12,0)) -> - | BY11: =IF(ISNA(VLOOKUP(BR11,'ALL STOCK'!$C$4:$J$990,8,)),"-",VLOOKUP(BR11,'ALL STOCK'!$C$4:$J$990,8,)) -> - | BZ11: =VLOOKUP(L11,'Spec Sheet (2)'!$A$4:$B$25803,2,0) -> #N/A | CA11: =VLOOKUP(L11,'Spec Sheet (2)'!$A$4:$FO$25803,171,0) -> #N/A | CB11: =VLOOKUP(L11,'Spec Sheet (2)'!$A$4:$FF$9,161,0) -> #N/A | CC11: =VLOOKUP(L11,'Spec Sheet (2)'!$A$4:$M$25803,13,0) -> #N/A | CD11: =VLOOKUP(L11,'Spec Sheet (2)'!$A$4:$X$26703,24,0) -> #N/A | CE11: =VLOOKUP(L11,'Spec Sheet (2)'!$A$4:$AI$25803,35,0) -> #N/A | CF11: =VLOOKUP(L11,'Spec Sheet (2)'!$A$4:$BF$26703,58,0) -> #N/A | CG11: =VLOOKUP(L11,'Spec Sheet (2)'!$A$4:$FN$25803,169,0) -> #N/A | CH11: =VLOOKUP(L11,'Spec Sheet (2)'!$A$4:$FN$25803,170,0) -> #N/A | CI11: =VLOOKUP(L11,'Spec Sheet (2)'!$A$4:$CX$26703,102,0) -> #N/A | CJ11: =VLOOKUP(L11,'Spec Sheet (2)'!$A$4:$DC$26703,107,0) -> #N/A | CK11: =SUM(CC11:CI11) -> #N/A | CL11: =VLOOKUP(L11,'Spec Sheet (2)'!$A$4:$FL$26703,168,0) -> #N/A | CM11: =VLOOKUP(L11,'Spec Sheet (2)'!$A$4:$I$26703,9,0) -> #N/A | CN11: =VLOOKUP(L11,'Spec Sheet (2)'!$A$4:$FP$26703,172,0) -> #N/A | CO11: =VLOOKUP(L11,'Spec Sheet (2)'!$A$4:$D$26703,4,0) -> #N/A | CQ11: =AQ11-AS11 -> #N/A

Sheet PRINTING PLAN
A1: 0 | B1: 277 | C1: MANJUSHREE INNOVATION PVT LTD | O1: MIPL / PRD / FOR / 107 VER: 05; REV: 04 DATE: 16.11.2024
A2: =TODAY() -> 46146 | C2: MACHINE PLAN PRINTING
A3: RM Status | B3: SO/ no. | C3: JOB NAME | D3: WO/ no | E3: PPC Priority | F3: (Promo/PKD/Address/MRP) | G3: FG Code | H3: Devition RM / Remarks | I3: Specification | J3: Printed Film OUTPUT-KG | K3: Printed Film OUTPUT-KM | L3: PLY | M3: JCO Hrs | N3: Avg MPM | O3: Run Time Hrs | P3: ORDER | Q3: SO DATE | R3: DELIVERY DATE | S3: Remarks | T3: FROM | U3: TO
A4: PELICAN_ 1
A6: AVL | B6: SO-1 | C6: JOB NAME-1 | D6: =VLOOKUP(B6,'ORDER BOOK'!$I$3:$K$18,3,0) -> C-1 | G6: =VLOOKUP(C6,'Spec Sheet (2)'!$A$4:$B$20737,2,0) -> 1005 | I6: =VLOOKUP(C6,'Spec Sheet (2)'!$A$4:$O$26649,15,0) -> 1125mmX12Mic PET Chemical | J6: =VLOOKUP(B6,'PENDING ORDER'!$K$4:$Z$2510,16,0) -> 0 | K6: =VLOOKUP(B6,'PENDING ORDER'!$K$2:$AB$2510,18,0) -> 0 | L6: =VLOOKUP(C6,'Spec Sheet (2)'!$A$4:$FO$26829,171,0) -> 4PLY | M6: 1 | N6: 375 | O6: =(K6*1000/N6/60)+M6 -> 1 | P6: =VLOOKUP(B6,'ORDER BOOK'!$I$3:$Q$18,9,0)/1000 -> 1 | Q6: =VLOOKUP(B6,'ORDER BOOK'!$I$3:$W$18,15,0) -> 46141 | R6: =VLOOKUP(B6,'ORDER BOOK'!$I$3:$Z$18,16,0) -> 46157 | S6: NORD | T6: 46142.292 | U6: =T6+O6/24 -> 46142.333
A7: AVL | B7: SO-2 | C7: JOB NAME-2 | D7: =VLOOKUP(B7,'ORDER BOOK'!$I$3:$K$18,3,0) -> C-2 | G7: =VLOOKUP(C7,'Spec Sheet (2)'!$A$4:$B$20737,2,0) -> 1006 | I7: =VLOOKUP(C7,'Spec Sheet (2)'!$A$4:$O$26649,15,0) -> 985mmX105Mic PE (White) | J7: =VLOOKUP(B7,'PENDING ORDER'!$K$4:$Z$2510,16,0) -> 1000 | K7: =VLOOKUP(B7,'PENDING ORDER'!$K$2:$AB$2510,18,0) -> 10.126967 | L7: =VLOOKUP(C7,'Spec Sheet (2)'!$A$4:$FO$26829,171,0) -> 1PLY | M7: 3 | N7: 375 | O7: =(K7*1000/N7/60)+M7 -> 3.4500874 | P7: =VLOOKUP(B7,'ORDER BOOK'!$I$3:$Q$18,9,0)/1000 -> 1 | Q7: =VLOOKUP(B7,'ORDER BOOK'!$I$3:$W$18,15,0) -> 46141 | R7: =VLOOKUP(B7,'ORDER BOOK'!$I$3:$Z$18,16,0) -> 46157 | S7: BASE | T7: =U6 -> 46142.333 | U7: =T7+O7/24 -> 46142.477
A8: AVL | B8: SO-3 | C8: JOB NAME-3 | D8: =VLOOKUP(B8,'ORDER BOOK'!$I$3:$K$18,3,0) -> C-3 | G8: =VLOOKUP(C8,'Spec Sheet (2)'!$A$4:$B$20737,2,0) -> 1007 | I8: =VLOOKUP(C8,'Spec Sheet (2)'!$A$4:$O$26649,15,0) -> 949mmX12Mic BOPP BST | J8: =VLOOKUP(B8,'PENDING ORDER'!$K$4:$Z$2510,16,0) -> 344.16667 | K8: =VLOOKUP(B8,'PENDING ORDER'!$K$2:$AB$2510,18,0) -> 30.734106 | L8: =VLOOKUP(C8,'Spec Sheet (2)'!$A$4:$FO$26829,171,0) -> 3PLY | M8: 3 | N8: 375 | O8: =(K8*1000/N8/60)+M8 -> 4.3659603 | P8: =VLOOKUP(B8,'ORDER BOOK'!$I$3:$Q$18,9,0)/1000 -> 1 | Q8: =VLOOKUP(B8,'ORDER BOOK'!$I$3:$W$18,15,0) -> 46141 | R8: =VLOOKUP(B8,'ORDER BOOK'!$I$3:$Z$18,16,0) -> 46157 | S8: BASE | T8: =U7 -> 46142.477 | U8: =T8+O8/24 -> 46142.659
A9: AVL | B9: SO-4 | C9: JOB NAME-4 | D9: =VLOOKUP(B9,'ORDER BOOK'!$I$3:$K$18,3,0) -> C-4 | G9: =VLOOKUP(C9,'Spec Sheet (2)'!$A$4:$B$20737,2,0) -> 1008 | I9: =VLOOKUP(C9,'Spec Sheet (2)'!$A$4:$O$26649,15,0) -> 1215mmX8Mic PET Chemical | J9: =VLOOKUP(B9,'PENDING ORDER'!$K$4:$Z$2510,16,0) -> 256.29921 | K9: =VLOOKUP(B9,'PENDING ORDER'!$K$2:$AB$2510,18,0) -> 17.011762 | L9: =VLOOKUP(C9,'Spec Sheet (2)'!$A$4:$FO$26829,171,0) -> 3ply | M9: 3 | N9: 375 | O9: =(K9*1000/N9/60)+M9 -> 3.7560783 | P9: =VLOOKUP(B9,'ORDER BOOK'!$I$3:$Q$18,9,0)/1000 -> 1 | Q9: =VLOOKUP(B9,'ORDER BOOK'!$I$3:$W$18,15,0) -> 46141 | R9: =VLOOKUP(B9,'ORDER BOOK'!$I$3:$Z$18,16,0) -> 46157 | S9: BASE | T9: =U8 -> 46142.659 | U9: =T9+O9/24 -> 46142.816
A10: AVL | B10: SO-5 | C10: JOB NAME-5 | D10: =VLOOKUP(B10,'ORDER BOOK'!$I$3:$K$18,3,0) -> C-5 | G10: =VLOOKUP(C10,'Spec Sheet (2)'!$A$4:$B$20737,2,0) -> 1009 | I10: =VLOOKUP(C10,'Spec Sheet (2)'!$A$4:$O$26649,15,0) -> 1215mmX12Mic PET Corona | J10: =VLOOKUP(B10,'PENDING ORDER'!$K$4:$Z$2510,16,0) -> 217.64019 | K10: =VLOOKUP(B10,'PENDING ORDER'!$K$2:$AB$2510,18,0) -> 9.9515403 | L10: =VLOOKUP(C10,'Spec Sheet (2)'!$A$4:$FO$26829,171,0) -> 3ply | M10: 3 | N10: 375 | O10: =(K10*1000/N10/60)+M10 -> 3.4422907 | P10: =VLOOKUP(B10,'ORDER BOOK'!$I$3:$Q$18,9,0)/1000 -> 0.8625 | Q10: =VLOOKUP(B10,'ORDER BOOK'!$I$3:$W$18,15,0) -> 46141 | R10: =VLOOKUP(B10,'ORDER BOOK'!$I$3:$Z$18,16,0) -> 46157 | S10: BASE | T10: =U9 -> 46142.816 | U10: =T10+O10/24 -> 46142.959
A11: AVL | B11: SO-6 | C11: JOB NAME-6 | D11: =VLOOKUP(B11,'ORDER BOOK'!$I$3:$K$18,3,0) -> C-6 | G11: =VLOOKUP(C11,'Spec Sheet (2)'!$A$4:$B$20737,2,0) -> 1010 | I11: =VLOOKUP(C11,'Spec Sheet (2)'!$A$4:$O$26649,15,0) -> 1175mmX12Mic PET Corona | J11: =VLOOKUP(B11,'PENDING ORDER'!$K$4:$Z$2510,16,0) -> 358.98285 | K11: =VLOOKUP(B11,'PENDING ORDER'!$K$2:$AB$2510,18,0) -> 17.163894 | L11: =VLOOKUP(C11,'Spec Sheet (2)'!$A$4:$FO$26829,171,0) -> 2PLY | M11: 3 | N11: 375 | O11: =(K11*1000/N11/60)+M11 -> 3.7628398 | P11: =VLOOKUP(B11,'ORDER BOOK'!$I$3:$Q$18,9,0)/1000 -> 1 | Q11: =VLOOKUP(B11,'ORDER BOOK'!$I$3:$W$18,15,0) -> 46141 | R11: =VLOOKUP(B11,'ORDER BOOK'!$I$3:$Z$18,16,0) -> 46157 | S11: BASE | T11: =U10 -> 46142.959 | U11: =T11+O11/24 -> 46143.116
D12: =VLOOKUP(B12,'ORDER BOOK'!$I$3:$K$18,3,0) -> #N/A | G12: =VLOOKUP(C12,'Spec Sheet (2)'!$A$4:$B$20737,2,0) -> #N/A | I12: =VLOOKUP(C12,'Spec Sheet (2)'!$A$4:$O$26649,15,0) -> #N/A | J12: =VLOOKUP(B12,'PENDING ORDER'!$K$4:$Z$2510,16,0) -> #N/A | K12: =VLOOKUP(B12,'PENDING ORDER'!$K$2:$AB$2510,18,0) -> #N/A | L12: =VLOOKUP(C12,'Spec Sheet (2)'!$A$4:$FO$26829,171,0) -> #N/A | M12: 3 | N12: 375 | O12: =(K12*1000/N12/60)+M12 -> #N/A | P12: =VLOOKUP(B12,'ORDER BOOK'!$I$3:$Q$18,9,0)/1000 -> #N/A | Q12: =VLOOKUP(B12,'ORDER BOOK'!$I$3:$W$18,15,0) -> #N/A | R12: =VLOOKUP(B12,'ORDER BOOK'!$I$3:$Z$18,16,0) -> #N/A | S12: BASE | T12: =U11 -> 46143.116 | U12: =T12+O12/24 -> #N/A

Sheet ECL PLAN
A1: . | C1: MANJUSHREE INNOVATION PVT. LTD. | R1: MIPL / PRD / FOR / 106 VER: 05; REV: 04 DATE: 06.11.2024
A2: =TODAY() -> 46146 | C2: MACHINE PLAN - "CO-EXTRUSION LAMINATION" | Y2: 45236.292
A3: SO no | B3: Job Name | C3: WO No | D3: MT | E3: Input Printed qty(kg) | F3: Ptd Length (mtr) | G3: Extn GSM | H3: Extrusion Colour | I3: Target GSM | J3: Primary- substrate | K3: SW-Substrate | L3: SW- Qty (kgs) | M3: stock | N3: From | O3: To | P3: Run Hrs | Q3: CHV hrs | R3: Tot Hrs | S3: Output (Kgs) | T3: Output (Mtr) | U3: L/S (mpm) | V3: Remarks | W3: PTD WIP | X3: 1ST PASS WIP | Y3: SO DATE | Z3: wip | AA3: SIZE
B4: FONGKEE -1
A6: SO-1 | B6: JOB NAME-1 | C6: =VLOOKUP(A6,'PENDING ORDER'!$K$4:$M$39241,3,0) -> C-1 | D6: =VLOOKUP(A6,'ORDER BOOK'!$I$3:$Q$18,9,0)/1000 -> 1 | E6: =VLOOKUP(A6,'PENDING ORDER'!$K$4:$T$37807,10,0) -> 307.30023 | F6: =1000000*E6/VLOOKUP(B6,'Spec Sheet (2)'!$A$4:$I$26649,9,0)/VLOOKUP(B6,'Spec Sheet (2)'!$A$4:$BG$26649,59,0) -> 15345.829 | G6: =VLOOKUP(B6,'Spec Sheet (2)'!$A$4:$CX$26649,102,0) -> 8 | H6: =VLOOKUP(B6,'Spec Sheet (2)'!$A$4:$CY$26829,103,0) -> White | I6: =VLOOKUP(B6,'Spec Sheet (2)'!$A$4:$DC$25749,107,0) -> 39.8 | J6: =VLOOKUP(B6,'Spec Sheet (2)'!$A$4:$Z$26649,15,0) -> 1125mmX12Mic PET Chemical | K6: =VLOOKUP(B6,'Spec Sheet (2)'!$A$4:$Z$25749,26,0) -> 1115mmx10mic CC Met Pet ( OD 2.2+) | L6: =F6*VLOOKUP(B6,'Spec Sheet (2)'!$A$4:$T$25749,20,0)*VLOOKUP(B6,'Spec Sheet (2)'!$A$4:$X$26649,24,0)/1000000 -> 239.54839 | M6: =VLOOKUP(A6,'PENDING ORDER'!$K$4:$BO$3799,57,0) -> 1393.82 | N6: 46142.292 | O6: =N6+R6/24 -> 46142.338 | P6: =F6/U6/60 -> 1.0230553 | Q6: 0.1 | R6: =SUM(P6:Q6) -> 1.1230553 | S6: =T6*VLOOKUP(B6,'Spec Sheet (2)'!$A$4:$T$25749,20,0)*I6/1000000 -> 660.57181 | T6: =F6-3%*F6 -> 14885.454 | U6: 250 | V6: =IF(Z6>0,"PRINTED","-") -> PRINTED | W6: =VLOOKUP(#REF!,'[1]PENDING ORDER'!$K$568:$AJ$2559,26,0) -> #REF! | X6: =VLOOKUP(#REF!,'[1]PENDING ORDER'!$K$4:$AO$2559,31,0) -> #REF! | Y6: =VLOOKUP(A6,'PENDING ORDER'!$A$2:$H$43797,8,0) -> 46141 | Z6: =VLOOKUP(A6,'PENDING ORDER'!$K$2:$AJ$29510,26,0) -> 350 | AA6: =VLOOKUP(B6,'Spec Sheet (2)'!$A$4:$I$5752,9,0) -> 1125
A7: SO-3 | B7: JOB NAME-3 | C7: =VLOOKUP(A7,'PENDING ORDER'!$K$4:$M$39241,3,0) -> C-3 | D7: =VLOOKUP(A7,'ORDER BOOK'!$I$3:$Q$18,9,0)/1000 -> 1 | E7: =VLOOKUP(A7,'PENDING ORDER'!$K$4:$T$37807,10,0) -> 344.16667 | F7: =1000000*E7/VLOOKUP(B7,'Spec Sheet (2)'!$A$4:$I$26649,9,0)/VLOOKUP(B7,'Spec Sheet (2)'!$A$4:$BG$26649,59,0) -> 30734.106 | G7: =VLOOKUP(B7,'Spec Sheet (2)'!$A$4:$CX$26649,102,0) -> 8 | H7: =VLOOKUP(B7,'Spec Sheet (2)'!$A$4:$CY$26829,103,0) -> White | I7: =VLOOKUP(B7,'Spec Sheet (2)'!$A$4:$DC$25749,107,0) -> 36 | J7: =VLOOKUP(B7,'Spec Sheet (2)'!$A$4:$Z$26649,15,0) -> 949mmX12Mic BOPP BST | K7: =VLOOKUP(B7,'Spec Sheet (2)'!$A$4:$Z$25749,26,0) -> 939mmx18mic Met BOPP(HSL) | L7: =F7*VLOOKUP(B7,'Spec Sheet (2)'!$A$4:$T$25749,20,0)*VLOOKUP(B7,'Spec Sheet (2)'!$A$4:$X$26649,24,0)/1000000 -> 467.52107 | M7: =VLOOKUP(A7,'PENDING ORDER'!$K$4:$BO$3799,57,0) -> 4455.23 | N7: =O6 -> 46142.338 | O7: =N7+R7/24 -> 46142.428 | P7: =F7/U7/60 -> 2.0489404 | Q7: 0.1 | R7: =SUM(P7:Q7) -> 2.1489404 | S7: =T7*VLOOKUP(B7,'Spec Sheet (2)'!$A$4:$T$25749,20,0)*I7/1000000 -> 1007.7677 | T7: =F7-3%*F7 -> 29812.083 | U7: 250 | V7: =IF(Z7>0,"PRINTED","-") -> - | W7: =VLOOKUP(#REF!,'[1]PENDING ORDER'!$K$568:$AJ$2559,26,0) -> #REF! | X7: =VLOOKUP(#REF!,'[1]PENDING ORDER'!$K$4:$AO$2559,31,0) -> #REF! | Y7: =VLOOKUP(A7,'PENDING ORDER'!$A$2:$H$43797,8,0) -> 46141 | Z7: =VLOOKUP(A7,'PENDING ORDER'!$K$2:$AJ$29510,26,0) -> 0 | AA7: =VLOOKUP(B7,'Spec Sheet (2)'!$A$4:$I$5752,9,0) -> 949
C8: =VLOOKUP(A8,'PENDING ORDER'!$K$4:$M$39241,3,0) -> #N/A | D8: =VLOOKUP(A8,'ORDER BOOK'!$I$3:$Q$18,9,0)/1000 -> #N/A | E8: =VLOOKUP(A8,'PENDING ORDER'!$K$4:$T$37807,10,0) -> #N/A | F8: =1000000*E8/VLOOKUP(B8,'Spec Sheet (2)'!$A$4:$I$26649,9,0)/VLOOKUP(B8,'Spec Sheet (2)'!$A$4:$BG$26649,59,0) -> #N/A | G8: =VLOOKUP(B8,'Spec Sheet (2)'!$A$4:$CX$26649,102,0) -> #N/A | H8: =VLOOKUP(B8,'Spec Sheet (2)'!$A$4:$CY$26829,103,0) -> #N/A | I8: =VLOOKUP(B8,'Spec Sheet (2)'!$A$4:$DC$25749,107,0) -> #N/A | J8: =VLOOKUP(B8,'Spec Sheet (2)'!$A$4:$Z$26649,15,0) -> #N/A | K8: =VLOOKUP(B8,'Spec Sheet (2)'!$A$4:$Z$25749,26,0) -> #N/A | L8: =F8*VLOOKUP(B8,'Spec Sheet (2)'!$A$4:$T$25749,20,0)*VLOOKUP(B8,'Spec Sheet (2)'!$A$4:$X$26649,24,0)/1000000 -> #N/A | M8: =VLOOKUP(A8,'PENDING ORDER'!$K$4:$BO$3799,57,0) -> #N/A | N8: =O7 -> 46142.428 | O8: =N8+R8/24 -> #N/A | P8: =F8/U8/60 -> #N/A | Q8: 0.1 | R8: =SUM(P8:Q8) -> #N/A | S8: =T8*VLOOKUP(B8,'Spec Sheet (2)'!$A$4:$T$25749,20,0)*I8/1000000 -> #N/A | T8: =F8-3%*F8 -> #N/A | U8: 250 | V8: =IF(Z8>0,"PRINTED","-") -> #N/A | W8: =VLOOKUP(#REF!,'[1]PENDING ORDER'!$K$568:$AJ$2559,26,0) -> #REF! | X8: =VLOOKUP(#REF!,'[1]PENDING ORDER'!$K$4:$AO$2559,31,0) -> #REF! | Y8: =VLOOKUP(A8,'PENDING ORDER'!$A$2:$H$43797,8,0) -> #N/A | Z8: =VLOOKUP(A8,'PENDING ORDER'!$K$2:$AJ$29510,26,0) -> #N/A | AA8: =VLOOKUP(B8,'Spec Sheet (2)'!$A$4:$I$5752,9,0) -> #N/A
C9: =VLOOKUP(A9,'PENDING ORDER'!$K$4:$M$39241,3,0) -> #N/A | D9: =VLOOKUP(A9,'ORDER BOOK'!$I$3:$Q$18,9,0)/1000 -> #N/A | E9: =VLOOKUP(A9,'PENDING ORDER'!$K$4:$T$37807,10,0) -> #N/A | F9: =1000000*E9/VLOOKUP(B9,'Spec Sheet (2)'!$A$4:$I$26649,9,0)/VLOOKUP(B9,'Spec Sheet (2)'!$A$4:$BG$26649,59,0) -> #N/A | G9: =VLOOKUP(B9,'Spec Sheet (2)'!$A$4:$CX$26649,102,0) -> #N/A | H9: =VLOOKUP(B9,'Spec Sheet (2)'!$A$4:$CY$26829,103,0) -> #N/A | I9: =VLOOKUP(B9,'Spec Sheet (2)'!$A$4:$DC$25749,107,0) -> #N/A | J9: =VLOOKUP(B9,'Spec Sheet (2)'!$A$4:$Z$26649,15,0) -> #N/A | K9: =VLOOKUP(B9,'Spec Sheet (2)'!$A$4:$Z$25749,26,0) -> #N/A | L9: =F9*VLOOKUP(B9,'Spec Sheet (2)'!$A$4:$T$25749,20,0)*VLOOKUP(B9,'Spec Sheet (2)'!$A$4:$X$26649,24,0)/1000000 -> #N/A | M9: =VLOOKUP(A9,'PENDING ORDER'!$K$4:$BO$3799,57,0) -> #N/A | N9: =O8 -> #N/A | O9: =N9+R9/24 -> #N/A | P9: =F9/U9/60 -> #N/A | Q9: 0.1 | R9: =SUM(P9:Q9) -> #N/A | S9: =T9*VLOOKUP(B9,'Spec Sheet (2)'!$A$4:$T$25749,20,0)*I9/1000000 -> #N/A | T9: =F9-3%*F9 -> #N/A | U9: 250 | V9: =IF(Z9>0,"PRINTED","-") -> #N/A | W9: =VLOOKUP(#REF!,'[1]PENDING ORDER'!$K$568:$AJ$2559,26,0) -> #REF! | X9: =VLOOKUP(#REF!,'[1]PENDING ORDER'!$K$4:$AO$2559,31,0) -> #REF! | Y9: =VLOOKUP(A9,'PENDING ORDER'!$A$2:$H$43797,8,0) -> #N/A | Z9: =VLOOKUP(A9,'PENDING ORDER'!$K$2:$AJ$29510,26,0) -> #N/A | AA9: =VLOOKUP(B9,'Spec Sheet (2)'!$A$4:$I$5752,9,0) -> #N/A

Sheet LAM
E1: Machine Plan-"Lamination" | H1: DATE | I1: =TODAY() -> 46146 | L1: MIPL / PRD / FOR / 108 VER: 04; REV: 03 DATE: 04.06.2019 | Q1: 44065.292
A2: SO.No | B2: Job Name | C2: WO No | D2: Pass to do | E2: Input-Primary-Film | F2: Input km | G2: SW- Film Type | H2: RM.REQ | I2: RM.AVL | J2: RM STATUS | K2: Out Put. Kgs | L2: SO DATE | M2: PTD WIP | N2: Run Hrs | O2: ORDER QTY[MT] | P2: REMARKS | Q2: FROM | R2: TO | S2: SLEEVE | T2: 1st.Layer GSM | U2: 1st.Pass GSM | V2: 1ST PASS OUTPUT | W2: WIDTH | X2: Final GSM | Y2: FINAL OUTPUT | Z2: SW2.LAYER GSM | AA2: SPEED | AB2: SW1 GSM | AC2: PRINTED | AD2: 1ST PASS WIP | AE2: ECL WIP | AF2: NOT PTD
B3: MACHINE-CL450
A4: SO-1 | B4: JOB NAME-1 | C4: =VLOOKUP(A4,'ORDER BOOK'!I:K,3,0) -> C-1 | D4: 2ND | E4: =IF(D4="2ND",VLOOKUP(A4,'PENDING ORDER'!$K$3:$CQ$11,85,0),VLOOKUP(A4,'PENDING ORDER'!$K$3:$AC$11,19,0)) -> 687.1095 | F4: =IF(ISNA(VLOOKUP(A4,'PENDING ORDER'!$K$4:$AD$11,20,0)),"-",VLOOKUP(A4,'PENDING ORDER'!$K$4:$AD$11,20,0)) -> 15.345829 | G4: =IF(ISNA(IF(D4="1ST",VLOOKUP(A4,'PENDING ORDER'!$K$4:$BK$11,53,0),VLOOKUP(A4,'PENDING ORDER'!$K$4:$BT$11,62,0))),"-",IF(D4="1ST",VLOOKUP(A4,'PENDING ORDER'!$K$4:$BK$11,53,0),VLOOKUP(A4,'PENDING ORDER'!$K$4:$BT$11,62,0))) -> 1115mmX 21mic PE (Natural) | H4: =IF(D4="1ST",F4*W4*AB4,F4*W4*Z4) -> 333.5416 | I4: =IF(D4="1ST",VLOOKUP(A4,'PENDING ORDER'!$K$4:$BO$11,57,0),VLOOKUP(A4,'PENDING ORDER'!$K$4:$BX$11,66,0)) -> 5413.6 | J4: AVAILABLE | K4: =IF(D4="1ST",V4,Y4) -> 1102.5 | L4: =VLOOKUP(A4,'ORDER BOOK'!I:W,15,0) -> 46141 | M4: =IF(ISNA(VLOOKUP(A4,'PENDING ORDER'!$K$4:$AJ$11,26,0)),"-",VLOOKUP(A4,'PENDING ORDER'!$K$4:$AJ$11,26,0)) -> 350 | N4: =(F4*1000*1.3/AA4/60)+0.5 -> 2.7166198 | O4: =VLOOKUP(A4,'PENDING ORDER'!$K$4:$P$11,6,0)/1000 -> 1 | Q4: 46142.292 | R4: =Q4+N4/24 -> 46142.405 | S4: =VLOOKUP(B4,'Spec Sheet (2)'!$A$4:$CU$9,99,0) -> 0 | T4: =IF(ISNA(VLOOKUP(A4,'PENDING ORDER'!$K$4:$CC$11,71,0)),"-",VLOOKUP(A4,'PENDING ORDER'!$K$4:$CC$11,71,0)) -> 16.8 | U4: =IF(ISNA(VLOOKUP(A4,'PENDING ORDER'!$K$4:$CN$11,82,0)),"-",VLOOKUP(A4,'PENDING ORDER'!$K$4:$CN$11,82,0)) -> 39.8 | V4: =F4*W4*U4*VLOOKUP(B4,'Spec Sheet (2)'!$A$4:$FL$9,168,0) -> 721.46498 | W4: =IF(ISNA(VLOOKUP(A4,'PENDING ORDER'!$K$4:$BE$11,47,0)),"-",VLOOKUP(A4,'PENDING ORDER'!$K$4:$BE$11,47,0)) -> 1.125 | X4: =IF(ISNA(VLOOKUP(A4,'PENDING ORDER'!$K$4:$CK$11,79,0)),"-",VLOOKUP(A4,'PENDING ORDER'!$K$4:$CK$11,79,0)) -> 60.82 | Y4: =F4*W4*X4*VLOOKUP(B4,'Spec Sheet (2)'!$A$4:$FL$9,168,0) -> 1102.5 | Z4: =VLOOKUP(B4,'Spec Sheet (2)'!$A$4:$AI$9,35,0) -> 19.32 | AA4: 150 | AB4: =VLOOKUP(A4,'PENDING ORDER'!$K$4:$CD$11,72,0) -> 14 | AC4: =M4 -> 350 | AD4: =VLOOKUP(A4,'PENDING ORDER'!#REF!,36,0) -> #REF! | AE4: =VLOOKUP(A4,'PENDING ORDER'!$K$4:$AO$11,31,0) -> 0
A5: SO-4 | B5: JOB NAME-4 | C5: =VLOOKUP(A5,'ORDER BOOK'!I:K,3,0) -> C-4 | D5: 1ST | E5: =IF(D5="2ND",VLOOKUP(A5,'PENDING ORDER'!$K$4:$CQ$11,85,0),VLOOKUP(A5,'PENDING ORDER'!$K$4:$AC$11,19,0)) -> 256.29921 | F5: =IF(ISNA(VLOOKUP(A5,'PENDING ORDER'!$K$4:$AD$11,20,0)),"-",VLOOKUP(A5,'PENDING ORDER'!$K$4:$AD$11,20,0)) -> 17.011762 | G5: =IF(ISNA(IF(D5="1ST",VLOOKUP(A5,'PENDING ORDER'!$K$4:$BK$11,53,0),VLOOKUP(A5,'PENDING ORDER'!$K$4:$BT$11,62,0))),"-",IF(D5="1ST",VLOOKUP(A5,'PENDING ORDER'!$K$4:$BK$11,53,0),VLOOKUP(A5,'PENDING ORDER'!$K$4:$BT$11,62,0))) -> 1210mmx8mic Met Pet Chemical | H5: =IF(D5="1ST",F5*W5*AB5,F5*W5*Z5) -> 231.49606 | I5: =IF(D5="1ST",VLOOKUP(A5,'PENDING ORDER'!$K$4:$BO$11,57,0),VLOOKUP(A5,'PENDING ORDER'!$K$4:$BX$11,66,0)) -> 4546.23 | J5: AVAILABLE | K5: =IF(D5="1ST",V5,Y5) -> 566.44193 | L5: =VLOOKUP(A5,'ORDER BOOK'!I:W,15,0) -> 46141 | M5: =IF(ISNA(VLOOKUP(A5,'PENDING ORDER'!$K$4:$AJ$11,26,0)),"-",VLOOKUP(A5,'PENDING ORDER'!$K$4:$AJ$11,26,0)) -> 0 | N5: =(F5*1000*2/AA5/60)+0.5 -> 4.2803916 | O5: =VLOOKUP(A5,'PENDING ORDER'!$K$4:$P$11,6,0)/1000 -> 1 | Q5: =R4 -> 46142.405 | R5: =Q5+N5/24 -> 46142.583 | S5: =VLOOKUP(B5,'Spec Sheet (2)'!$A$4:$CU$9,99,0) -> 0 | T5: =IF(ISNA(VLOOKUP(A5,'PENDING ORDER'!$K$4:$CC$11,71,0)),"-",VLOOKUP(A5,'PENDING ORDER'!$K$4:$CC$11,71,0)) -> 11.2 | U5: =IF(ISNA(VLOOKUP(A5,'PENDING ORDER'!$K$4:$CN$11,82,0)),"-",VLOOKUP(A5,'PENDING ORDER'!$K$4:$CN$11,82,0)) -> 26.1 | V5: =F5*W5*U5*VLOOKUP(B5,'Spec Sheet (2)'!$A$4:$FL$9,168,0) -> 566.44193 | W5: =IF(ISNA(VLOOKUP(A5,'PENDING ORDER'!$K$4:$BE$11,47,0)),"-",VLOOKUP(A5,'PENDING ORDER'!$K$4:$BE$11,47,0)) -> 1.215 | X5: =IF(ISNA(VLOOKUP(A5,'PENDING ORDER'!$K$4:$CK$11,79,0)),"-",VLOOKUP(A5,'PENDING ORDER'!$K$4:$CK$11,79,0)) -> 50.8 | Y5: =F5*W5*X5*VLOOKUP(B5,'Spec Sheet (2)'!$A$4:$FL$9,168,0) -> 1102.5 | Z5: =VLOOKUP(B5,'Spec Sheet (2)'!$A$4:$AI$9,35,0) -> 23 | AA5: 150 | AB5: =VLOOKUP(A5,'PENDING ORDER'!$K$4:$CD$11,72,0) -> 11.2 | AC5: =M5 -> 0 | AD5: =VLOOKUP(A5,'PENDING ORDER'!#REF!,36,0) -> #REF! | AE5: =VLOOKUP(A5,'PENDING ORDER'!$K$4:$AO$11,31,0) -> 0
A6: SO-5 | B6: JOB NAME-5 | C6: =VLOOKUP(A6,'ORDER BOOK'!I:K,3,0) -> C-5 | D6: 1ST | E6: =IF(D6="2ND",VLOOKUP(A6,'PENDING ORDER'!$K$4:$CQ$11,85,0),VLOOKUP(A6,'PENDING ORDER'!$K$4:$AC$11,19,0)) -> 217.64019 | F6: =IF(ISNA(VLOOKUP(A6,'PENDING ORDER'!$K$4:$AD$11,20,0)),"-",VLOOKUP(A6,'PENDING ORDER'!$K$4:$AD$11,20,0)) -> 9.9515403 | G6: =IF(ISNA(IF(D6="1ST",VLOOKUP(A6,'PENDING ORDER'!$K$4:$BK$11,53,0),VLOOKUP(A6,'PENDING ORDER'!$K$4:$BT$11,62,0))),"-",IF(D6="1ST",VLOOKUP(A6,'PENDING ORDER'!$K$4:$BK$11,53,0),VLOOKUP(A6,'PENDING ORDER'!$K$4:$BT$11,62,0))) -> 1210mmx12mic Met Pet Corona | H6: =IF(D6="1ST",F6*W6*AB6,F6*W6*Z6) -> 203.13084 | I6: =IF(D6="1ST",VLOOKUP(A6,'PENDING ORDER'!$K$4:$BO$11,57,0),VLOOKUP(A6,'PENDING ORDER'!$K$4:$BX$11,66,0)) -> 1000.84 | J6: AVAILABLE | K6: =IF(D6="1ST",V6,Y6) -> 462.12266 | L6: =VLOOKUP(A6,'ORDER BOOK'!I:W,15,0) -> 46141 | M6: =IF(ISNA(VLOOKUP(A6,'PENDING ORDER'!$K$4:$AJ$11,26,0)),"-",VLOOKUP(A6,'PENDING ORDER'!$K$4:$AJ$11,26,0)) -> 0 | N6: =(F6*1000*2/AA6/60)+0.5 -> 2.7114534 | O6: =VLOOKUP(A6,'PENDING ORDER'!$K$4:$P$11,6,0)/1000 -> 0.8625 | Q6: =R5 -> 46142.583 | R6: =Q6+N6/24 -> 46142.696 | S6: =VLOOKUP(B6,'Spec Sheet (2)'!$A$4:$CU$9,99,0) -> 0 | T6: =IF(ISNA(VLOOKUP(A6,'PENDING ORDER'!$K$4:$CC$11,71,0)),"-",VLOOKUP(A6,'PENDING ORDER'!$K$4:$CC$11,71,0)) -> 16.8 | U6: =IF(ISNA(VLOOKUP(A6,'PENDING ORDER'!$K$4:$CN$11,82,0)),"-",VLOOKUP(A6,'PENDING ORDER'!$K$4:$CN$11,82,0)) -> 36.4 | V6: =F6*W6*U6*VLOOKUP(B6,'Spec Sheet (2)'!$A$4:$FL$9,168,0) -> 462.12266 | W6: =IF(ISNA(VLOOKUP(A6,'PENDING ORDER'!$K$4:$BE$11,47,0)),"-",VLOOKUP(A6,'PENDING ORDER'!$K$4:$BE$11,47,0)) -> 1.215 | X6: =IF(ISNA(VLOOKUP(A6,'PENDING ORDER'!$K$4:$CK$11,79,0)),"-",VLOOKUP(A6,'PENDING ORDER'!$K$4:$CK$11,79,0)) -> 74.9 | Y6: =F6*W6*X6*VLOOKUP(B6,'Spec Sheet (2)'!$A$4:$FL$9,168,0) -> 950.90625 | Z6: =VLOOKUP(B6,'Spec Sheet (2)'!$A$4:$AI$9,35,0) -> 36.8 | AA6: 150 | AB6: =VLOOKUP(A6,'PENDING ORDER'!$K$4:$CD$11,72,0) -> 16.8 | AC6: =M6 -> 0 | AD6: =VLOOKUP(A6,'PENDING ORDER'!#REF!,36,0) -> #REF! | AE6: =VLOOKUP(A6,'PENDING ORDER'!$K$4:$AO$11,31,0) -> 0
A7: SO-6 | B7: JOB NAME-6 | C7: =VLOOKUP(A7,'ORDER BOOK'!I:K,3,0) -> C-6 | D7: 1ST | E7: =IF(D7="2ND",VLOOKUP(A7,'PENDING ORDER'!$K$4:$CQ$11,85,0),VLOOKUP(A7,'PENDING ORDER'!$K$4:$AC$11,19,0)) -> 358.98285 | F7: =IF(ISNA(VLOOKUP(A7,'PENDING ORDER'!$K$4:$AD$11,20,0)),"-",VLOOKUP(A7,'PENDING ORDER'!$K$4:$AD$11,20,0)) -> 17.163894 | G7: =IF(ISNA(IF(D7="1ST",VLOOKUP(A7,'PENDING ORDER'!$K$4:$BK$11,53,0),VLOOKUP(A7,'PENDING ORDER'!$K$4:$BT$11,62,0))),"-",IF(D7="1ST",VLOOKUP(A7,'PENDING ORDER'!$K$4:$BK$11,53,0),VLOOKUP(A7,'PENDING ORDER'!$K$4:$BT$11,62,0))) -> 1175mmx33mic PE (White) | H7: =IF(D7="1ST",F7*W7*AB7,F7*W7*Z7) -> 625.59821 | I7: =IF(D7="1ST",VLOOKUP(A7,'PENDING ORDER'!$K$4:$BO$11,57,0),VLOOKUP(A7,'PENDING ORDER'!$K$4:$BX$11,66,0)) -> - | J7: NA | K7: =IF(D7="1ST",V7,Y7) -> 1071.225 | L7: =VLOOKUP(A7,'ORDER BOOK'!I:W,15,0) -> 46141 | M7: =IF(ISNA(VLOOKUP(A7,'PENDING ORDER'!$K$4:$AJ$11,26,0)),"-",VLOOKUP(A7,'PENDING ORDER'!$K$4:$AJ$11,26,0)) -> 0 | N7: =(F7*1000*2/AA7/60)+0.5 -> 4.3141988 | O7: =VLOOKUP(A7,'PENDING ORDER'!$K$4:$P$11,6,0)/1000 -> 1 | Q7: =R6 -> 46142.696 | R7: =Q7+N7/24 -> 46142.876 | S7: =VLOOKUP(B7,'Spec Sheet (2)'!$A$4:$CU$9,99,0) -> 0 | T7: =IF(ISNA(VLOOKUP(A7,'PENDING ORDER'!$K$4:$CC$11,71,0)),"-",VLOOKUP(A7,'PENDING ORDER'!$K$4:$CC$11,71,0)) -> 16.8 | U7: =IF(ISNA(VLOOKUP(A7,'PENDING ORDER'!$K$4:$CN$11,82,0)),"-",VLOOKUP(A7,'PENDING ORDER'!$K$4:$CN$11,82,0)) -> 51.32 | V7: =F7*W7*U7*VLOOKUP(B7,'Spec Sheet (2)'!$A$4:$FL$9,168,0) -> 1071.225 | W7: =IF(ISNA(VLOOKUP(A7,'PENDING ORDER'!$K$4:$BE$11,47,0)),"-",VLOOKUP(A7,'PENDING ORDER'!$K$4:$BE$11,47,0)) -> 1.175 | X7: =IF(ISNA(VLOOKUP(A7,'PENDING ORDER'!$K$4:$CK$11,79,0)),"-",VLOOKUP(A7,'PENDING ORDER'!$K$4:$CK$11,79,0)) -> 51.32 | Y7: =F7*W7*X7*VLOOKUP(B7,'Spec Sheet (2)'!$A$4:$FL$9,168,0) -> 1071.225 | Z7: =VLOOKUP(B7,'Spec Sheet (2)'!$A$4:$AI$9,35,0) -> 0 | AA7: 150 | AB7: =VLOOKUP(A7,'PENDING ORDER'!$K$4:$CD$11,72,0) -> 31.02 | AC7: =M7 -> 0 | AD7: =VLOOKUP(A7,'PENDING ORDER'!#REF!,36,0) -> #REF! | AE7: =VLOOKUP(A7,'PENDING ORDER'!$K$4:$AO$11,31,0) -> 0
A9: SO-4 | B9: JOB NAME-4 | C9: =VLOOKUP(A9,'ORDER BOOK'!I:K,3,0) -> C-4 | D9: 2ND | E9: =IF(D9="2ND",VLOOKUP(A9,'PENDING ORDER'!$K$4:$CQ$11,85,0),VLOOKUP(A9,'PENDING ORDER'!$K$4:$AC$11,19,0)) -> 539.4685 | F9: =IF(ISNA(VLOOKUP(A9,'PENDING ORDER'!$K$4:$AD$11,20,0)),"-",VLOOKUP(A9,'PENDING ORDER'!$K$4:$AD$11,20,0)) -> 17.011762 | G9: =IF(ISNA(IF(D9="1ST",VLOOKUP(A9,'PENDING ORDER'!$K$4:$BK$11,53,0),VLOOKUP(A9,'PENDING ORDER'!$K$4:$BT$11,62,0))),"-",IF(D9="1ST",VLOOKUP(A9,'PENDING ORDER'!$K$4:$BK$11,53,0),VLOOKUP(A9,'PENDING ORDER'!$K$4:$BT$11,62,0))) -> 1215mmX 25mic PE (Natural) | H9: =IF(D9="1ST",F9*W9*AB9,F9*W9*Z9) -> 475.3937 | I9: =IF(D9="1ST",VLOOKUP(A9,'PENDING ORDER'!$K$4:$BO$11,57,0),VLOOKUP(A9,'PENDING ORDER'!$K$4:$BX$11,66,0)) -> 2304.6 | J9: AVAILABLE | K9: =IF(D9="1ST",V9,Y9) -> 1102.5 | L9: =VLOOKUP(A9,'ORDER BOOK'!I:W,15,0) -> 46141 | M9: =IF(ISNA(VLOOKUP(A9,'PENDING ORDER'!$K$4:$AJ$11,26,0)),"-",VLOOKUP(A9,'PENDING ORDER'!$K$4:$AJ$11,26,0)) -> 0 | N9: =(F9*1000*2/AA9/60)+0.5 -> 4.2803916 | O9: =VLOOKUP(A9,'PENDING ORDER'!$K$4:$P$11,6,0)/1000 -> 1 | Q9: =R8 -> 0 | R9: =Q9+N9/24 -> 0.17834965 | S9: =VLOOKUP(B9,'Spec Sheet (2)'!$A$4:$CU$9,99,0) -> 0 | T9: =IF(ISNA(VLOOKUP(A9,'PENDING ORDER'!$K$4:$CC$11,71,0)),"-",VLOOKUP(A9,'PENDING ORDER'!$K$4:$CC$11,71,0)) -> 11.2 | U9: =IF(ISNA(VLOOKUP(A9,'PENDING ORDER'!$K$4:$CN$11,82,0)),"-",VLOOKUP(A9,'PENDING ORDER'!$K$4:$CN$11,82,0)) -> 26.1 | V9: =F9*W9*U9*VLOOKUP(B9,'Spec Sheet (2)'!$A$4:$FL$9,168,0) -> 566.44193 | W9: =IF(ISNA(VLOOKUP(A9,'PENDING ORDER'!$K$4:$BE$11,47,0)),"-",VLOOKUP(A9,'PENDING ORDER'!$K$4:$BE$11,47,0)) -> 1.215 | X9: =IF(ISNA(VLOOKUP(A9,'PENDING ORDER'!$K$4:$CK$11,79,0)),"-",VLOOKUP(A9,'PENDING ORDER'!$K$4:$CK$11,79,0)) -> 50.8 | Y9: =F9*W9*X9*VLOOKUP(B9,'Spec Sheet (2)'!$A$4:$FL$9,168,0) -> 1102.5 | Z9: =VLOOKUP(B9,'Spec Sheet (2)'!$A$4:$AI$9,35,0) -> 23 | AA9: 150 | AB9: =VLOOKUP(A9,'PENDING ORDER'!$K$4:$CD$11,72,0) -> 11.2 | AC9: =M9 -> 0 | AD9: =VLOOKUP(A9,'PENDING ORDER'!#REF!,36,0) -> #REF! | AE9: =VLOOKUP(A9,'PENDING ORDER'!$K$4:$AO$11,31,0) -> 0
A10: SO-5 | B10: JOB NAME-5 | C10: =VLOOKUP(A10,'ORDER BOOK'!I:K,3,0) -> C-5 | D10: 2ND | E10: =IF(D10="2ND",VLOOKUP(A10,'PENDING ORDER'!$K$4:$CQ$11,85,0),VLOOKUP(A10,'PENDING ORDER'!$K$4:$AC$11,19,0)) -> 440.11682 | F10: =IF(ISNA(VLOOKUP(A10,'PENDING ORDER'!$K$4:$AD$11,20,0)),"-",VLOOKUP(A10,'PENDING ORDER'!$K$4:$AD$11,20,0)) -> 9.9515403 | G10: =IF(ISNA(IF(D10="1ST",VLOOKUP(A10,'PENDING ORDER'!$K$4:$BK$11,53,0),VLOOKUP(A10,'PENDING ORDER'!$K$4:$BT$11,62,0))),"-",IF(D10="1ST",VLOOKUP(A10,'PENDING ORDER'!$K$4:$BK$11,53,0),VLOOKUP(A10,'PENDING ORDER'!$K$4:$BT$11,62,0))) -> 1215mmX 40mic PE (Natural) | H10: =IF(D10="1ST",F10*W10*AB10,F10*W10*Z10) -> 444.95327 | I10: =IF(D10="1ST",VLOOKUP(A10,'PENDING ORDER'!$K$4:$BO$11,57,0),VLOOKUP(A10,'PENDING ORDER'!$K$4:$BX$11,66,0)) -> 109.2 | J10: APO | K10: =IF(D10="1ST",V10,Y10) -> 950.90625 | L10: =VLOOKUP(A10,'ORDER BOOK'!I:W,15,0) -> 46141 | M10: =IF(ISNA(VLOOKUP(A10,'PENDING ORDER'!$K$4:$AJ$11,26,0)),"-",VLOOKUP(A10,'PENDING ORDER'!$K$4:$AJ$11,26,0)) -> 0 | N10: =(F10*1000*2/AA10/60)+0.5 -> 2.7114534 | O10: =VLOOKUP(A10,'PENDING ORDER'!$K$4:$P$11,6,0)/1000 -> 0.8625 | Q10: =R9 -> 0.17834965 | R10: =Q10+N10/24 -> 0.29132688 | S10: =VLOOKUP(B10,'Spec Sheet (2)'!$A$4:$CU$9,99,0) -> 0 | T10: =IF(ISNA(VLOOKUP(A10,'PENDING ORDER'!$K$4:$CC$11,71,0)),"-",VLOOKUP(A10,'PENDING ORDER'!$K$4:$CC$11,71,0)) -> 16.8 | U10: =IF(ISNA(VLOOKUP(A10,'PENDING ORDER'!$K$4:$CN$11,82,0)),"-",VLOOKUP(A10,'PENDING ORDER'!$K$4:$CN$11,82,0)) -> 36.4 | V10: =F10*W10*U10*VLOOKUP(B10,'Spec Sheet (2)'!$A$4:$FL$9,168,0) -> 462.12266 | W10: =IF(ISNA(VLOOKUP(A10,'PENDING ORDER'!$K$4:$BE$11,47,0)),"-",VLOOKUP(A10,'PENDING ORDER'!$K$4:$BE$11,47,0)) -> 1.215 | X10: =IF(ISNA(VLOOKUP(A10,'PENDING ORDER'!$K$4:$CK$11,79,0)),"-",VLOOKUP(A10,'PENDING ORDER'!$K$4:$CK$11,79,0)) -> 74.9 | Y10: =F10*W10*X10*VLOOKUP(B10,'Spec Sheet (2)'!$A$4:$FL$9,168,0) -> 950.90625 | Z10: =VLOOKUP(B10,'Spec Sheet (2)'!$A$4:$AI$9,35,0) -> 36.8 | AA10: 150 | AB10: =VLOOKUP(A10,'PENDING ORDER'!$K$4:$CD$11,72,0) -> 16.8 | AC10: =M10 -> 0 | AD10: =VLOOKUP(A10,'PENDING ORDER'!#REF!,36,0) -> #REF! | AE10: =VLOOKUP(A10,'PENDING ORDER'!$K$4:$AO$11,31,0) -> 0
C11: =VLOOKUP(A11,'ORDER BOOK'!I:K,3,0) -> #N/A | D11: 2ND | E11: =IF(D11="2ND",VLOOKUP(A11,'PENDING ORDER'!$K$4:$CQ$11,85,0),VLOOKUP(A11,'PENDING ORDER'!$K$4:$AC$11,19,0)) -> #N/A | F11: =IF(ISNA(VLOOKUP(A11,'PENDING ORDER'!$K$4:$AD$11,20,0)),"-",VLOOKUP(A11,'PENDING ORDER'!$K$4:$AD$11,20,0)) -> - | G11: =IF(ISNA(IF(D11="1ST",VLOOKUP(A11,'PENDING ORDER'!$K$4:$BK$11,53,0),VLOOKUP(A11,'PENDING ORDER'!$K$4:$BT$11,62,0))),"-",IF(D11="1ST",VLOOKUP(A11,'PENDING ORDER'!$K$4:$BK$11,53,0),VLOOKUP(A11,'PENDING ORDER'!$K$4:$BT$11,62,0))) -> - | H11: =IF(D11="1ST",F11*W11*AB11,F11*W11*Z11) -> #VALUE! | I11: =IF(D11="1ST",VLOOKUP(A11,'PENDING ORDER'!$K$4:$BO$11,57,0),VLOOKUP(A11,'PENDING ORDER'!$K$4:$BX$11,66,0)) -> #N/A | J11: AVAILABLE | K11: =IF(D11="1ST",V11,Y11) -> #VALUE! | L11: =VLOOKUP(A11,'ORDER BOOK'!I:W,15,0) -> #N/A | M11: =IF(ISNA(VLOOKUP(A11,'PENDING ORDER'!$K$4:$AJ$11,26,0)),"-",VLOOKUP(A11,'PENDING ORDER'!$K$4:$AJ$11,26,0)) -> - | N11: =(F11*1000*2/AA11/60)+0.5 -> #VALUE! | O11: =VLOOKUP(A11,'PENDING ORDER'!$K$4:$P$11,6,0)/1000 -> #N/A | Q11: =R10 -> 0.29132688 | R11: =Q11+N11/24 -> #VALUE! | S11: =VLOOKUP(B11,'Spec Sheet (2)'!$A$4:$CU$9,99,0) -> #N/A | T11: =IF(ISNA(VLOOKUP(A11,'PENDING ORDER'!$K$4:$CC$11,71,0)),"-",VLOOKUP(A11,'PENDING ORDER'!$K$4:$CC$11,71,0)) -> - | U11: =IF(ISNA(VLOOKUP(A11,'PENDING ORDER'!$K$4:$CN$11,82,0)),"-",VLOOKUP(A11,'PENDING ORDER'!$K$4:$CN$11,82,0)) -> - | V11: =F11*W11*U11*VLOOKUP(B11,'Spec Sheet (2)'!$A$4:$FL$9,168,0) -> #VALUE! | W11: =IF(ISNA(VLOOKUP(A11,'PENDING ORDER'!$K$4:$BE$11,47,0)),"-",VLOOKUP(A11,'PENDING ORDER'!$K$4:$BE$11,47,0)) -> - | X11: =IF(ISNA(VLOOKUP(A11,'PENDING ORDER'!$K$4:$CK$11,79,0)),"-",VLOOKUP(A11,'PENDING ORDER'!$K$4:$CK$11,79,0)) -> - | Y11: =F11*W11*X11*VLOOKUP(B11,'Spec Sheet (2)'!$A$4:$FL$9,168,0) -> #VALUE! | Z11: =VLOOKUP(B11,'Spec Sheet (2)'!$A$4:$AI$9,35,0) -> #N/A | AA11: 150 | AB11: =VLOOKUP(A11,'PENDING ORDER'!$K$4:$CD$11,72,0) -> #N/A | AC11: =M11 -> - | AD11: =VLOOKUP(A11,'PENDING ORDER'!#REF!,36,0) -> #REF! | AE11: =VLOOKUP(A11,'PENDING ORDER'!$K$4:$AO$11,31,0) -> #N/A

Sheet Spec Sheet (2)
A1: EVERY TIME COPY-??MICRON/GSM AND MATERIAL CODECHECK? | B1: 2 | C1: 3 | D1: 4 | E1: 5 | F1: 6 | G1: 7 | H1: 8 | I1: S | J1: 10 | K1: 11 | L1: 12 | M1: 13 | N1: 14 | O1: 15 | P1: 16 | Q1: 17 | R1: 18 | S1: 19 | T1: 20 | U1: 21 | V1: 22 | W1: 23 | X1: 24 | Y1: 25 | Z1: 26 | AA1: 27 | AB1: 28 | AC1: 29 | AD1: 30 | AE1: 31 | AF1: 32 | AG1: 33 | AH1: 34 | AI1: 35 | AJ1: 36 | AK1: 37 | AL1: 38 | AM1: 39 | AN1: 40 | AO1: 41 | AP1: 42 | AQ1: 43 | AR1: 44 | AS1: 45 | AT1: 46 | AU1: 47 | AV1: 48 | AW1: 49 | AX1: 50 | AY1: 51 | AZ1: 52 | BA1: 53 | BB1: 54 | BC1: 55 | BD1: 56 | BE1: 57 | BF1: 58 | BG1: 59 | BH1: 60 | BI1: 61 | BJ1: 62 | BK1: 63 | BL1: 64 | BM1: 65 | BN1: 66 | BO1: 67 | BP1: 68 | BQ1: 69 | BR1: 70 | BS1: 71 | BT1: 72 | BU1: 73 | BV1: 74 | BW1: 75 | BX1: 76 | BY1: 77 | BZ1: 78 | CA1: 79 | CB1: 80 | CC1: 81 | CD1: 82 | CE1: 83 | CF1: 84 | CG1: 85 | CH1: 86 | CI1: 87 | CJ1: 88 | CK1: 89 | CL1: 90 | CM1: 91 | CN1: 92 | CO1: 93 | CP1: 94 | CQ1: 95 | CR1: 96 | CS1: 97 | CT1: 98 | CV1: 100 | CW1: 101 | CX1: 102 | CY1: 103 | CZ1: 104 | DA1: 105 | DB1: 106 | DC1: 107 | DD1: 108 | DE1: 109 | DF1: 110 | DG1: 111 | DH1: 112 | DI1: 113 | DJ1: 114 | DK1: 115 | DL1: 116 | DM1: 117 | DN1: 118 | DO1: 119 | DP1: 120 | DQ1: 121 | DR1: 122 | DS1: 123 | DT1: 124 | DU1: 125 | DV1: 126 | DW1: 127 | DX1: 128 | DY1: 129 | DZ1: 130 | EA1: 131 | EB1: 132 | EC1: 133 | ED1: 134 | EE1: 135 | EF1: 136 | EG1: 137 | EH1: 138 | EI1: 139 | EJ1: 140 | EK1: 141 | EL1: 142 | EM1: 143 | EN1: 144 | EO1: 145 | EP1: 146 | EQ1: 147 | ER1: 148 | ES1: 149 | ET1: 150 | EU1: 151 | EV1: 152 | EW1: 153 | EX1: 154 | EY1: 155 | EZ1: 156 | FA1: 157 | FB1: 158 | FC1: 159 | FD1: 160 | FE1: 161 | FF1: 162 | FG1: 163 | FH1: 164 | FI1: 165 | FJ1: 166 | FK1: 167 | FL1: 168 | FM1: 169 | FN1: 170 | FO1: 171 | FP1: 172 | FQ1: 173 | FR1: 174 | FS1: 175 | FT1: 176 | FU1: 177 | FV1: 178 | FW1: 179 | FX1: 180 | FY1: 181 | FZ1: 182 | GA1: 183 | GB1: 184 | GC1: 185 | GD1: 186 | GE1: 187 | GF1: 188 | GG1: 189 | GH1: 190 | GI1: 191 | GJ1: 192 | GK1: 193 | GL1: 194 | GM1: 195 | GN1: 196 | GO1: 197 | GP1: 198 | GQ1: 199 | GR1: 200 | GS1: 201
A2: SPECIFICATION SHEET-new | E2: x | F2: PRIMARY FILM | O2: x | P2: SECONDARY FILM | X2: X | Z2: x | AB2: TERTIARY FILM | AJ2: X | AK2: X | AX2: PRINTING PROCESS | BB2: PRINTING PROCESS | BF2: PRINTING PROCESS | BG2: X | CW2: EXTRUSION LAMINATION | DB2: EXTRUSION LAMINATION | DE2: SOLVENT LESS | DJ2: SOLVENT LESS | DO2: SOLVENT LESS | DP2: SOLVENT LESS | DR2: X | DU2: SOLVENT LESS | DV2: SOLVENT LESS | DW2: SOLVENT LESS | DX2: SOLVENT LESS | EE2: POUCHING | EI2: POUCHING | EJ2: SLITTING | EK2: x | EN2: SLITTING | EQ2: SLITTING | ES2: PACKING | EW2: PACKING | FA2: PACKING | FG2: x | FV2: 1ST PASS | FW2: 1ST PASS | FX2: 2ND PASS | FY2: 2ND PASS
A3: Mother/Job Name | B3: FG CODE | C3: REMARK | D3: CUSTOMER NAME | E3: 10mm/15mm CONCEPT | F3: FILM | G3: FILM TYPE | H3: Type | I3: FILM WIDTH | J3: UNIT | K3: MICRON | L3: FILM DENSITY | M3: BARE FILM GSM | N3: thick | O3: DESCRIPTION PRIMARY FILM | P3: SURFACE? | Q3: SECONDARY FILM | R3: SECONDARY FILM TYPE | S3: Type | T3: FILM WIDTH | U3: UNIT | V3: MICRON | W3: SECONDARY FILM DENSITY | X3: SECONDARY FILM GSM | Y3: Code | Z3: FULL-DESCRIPTION SECONDARY FILM | AB3: TERTIARY FILM | AC3: TERTIARY FILM TYPE | AD3: Type | AE3: FILM WIDTH | AF3: WT OF 1MTR TERTIARY FILM | AG3: MICRON | AH3: FILM DENSITY | AI3: TERTIARY FILM GSM | AJ3: BFL FILM Type | AK3: DESCRIPTION TERTIARY FILM | AL3: FILM 1 | AM3: FILM 2 | AN3: FILM3 | AV3: bfl indent | AW3: NO OF CYLINDER/COLOUR | AX3: CYLN.LENGTH | AY3: CYLN.CIRCUM | AZ3: CYLN.MAKER | BA3: COIL WIDTH(MM) | BB3: COIL REPEAT(MM) | BC3: Vertical UP | BD3: Horizontal UP | BE3: Design Width mm | BF3: INK SYSTEM | BG3: PRINTED FILM GSM | CR3: MIN | CS3: MAX | CT3: FILM | CU3: Cylinder Size | CV3: ECL ??? | CW3: PASS | CX3: EXTRUSION GSM | CY3: EXTRUSION COLOUR | CZ3: RATIO LDPE | DA3: RATIO COPOLYMER | DB3: RATIO WMB | DC3: EXTRUSION LAMINATE GSM | DD3: LINE SPEED MPM | DE3: 1st Pass Speed MPM | DF3: 1ST PASS AHHESIVE GRADE | DG3: 1ST PASS HARDNER GRADE | DH3: 1ST PASS ADHESIVE SOLID % | DI3: 1ST PASS HARDNER SOLID % | DJ3: 1ST PASS ADHESIVE RATIO | DK3: 1ST PASS HARDNER RATIO | DL3: 1ST PASS APPLICATION GSM | DM3: GSM/TOT GSM | DN3: RATIO | DO3: 1st Pass Total Laminate GSM | DP3: AVG S.LESS SPEED(ALL CELL SHOULD BE 300) | DQ3: 2ND Pass Speed MPM | DR3: 2ND PASS AHHESIVE GRADE | DS3: 2ND PASS HARDNER GRADE | DT3: 2ND PASS ADHESIVE SOLID % | DU3: 2ND PASS HARDNER SOLID % | DV3: 2ND PASS ADHESIVE RATIO | DW3: 2ND PASS HARDNER RATIO | DX3: 2ND PASS APPLICATION GSM | DY3: 2ND PASS WT OF 1KM OUTPUT | DZ3: GSM/TOT GSM | EA3: 2nd Pass Total Laminate GSM | EB3: RATIO | ED3: roll/pouch | EE3: MACHINE SPEED | EF3: Pouch Open Width -CW (mm) | EG3: Pouch Height (mm) | EH3: POUCH WT | EI3: Closed Pouch Dimention | EJ3: MACHINE SPEED MPM | EK3: CW | EL3: COIL REPEAT | EM3: COIL OD | EN3: COIL WT | EO3: FINAL UN-DIRECTION | EP3: CORE TYPE | EQ3: CORE ID | ER3: CORE THICKNESS | ES3: Packing Type | ET3: CFC BOX SIZE | EU3: CFC BOX TYPE(PLY) | EV3: CFC BOX VOLUME | EW3: NO OF COIL IN A BOX | EX3: NET BOX WT | EY3: NO OF CORE PLUG | EZ3: POUCH CFC BOX SIZE | FA3: POUCH CFC BOX TYPE(PLY) | FB3: NO OF POUCH IN A BOX | FC3: TOTAL LAMINATE GSM | FD3: 1st Pass | FE3: 2nd Pass | FF3: 3rd pass | FG3: Next.Process of Ptd WIP | FH3: Next process of Extrusion Wip | FI3: Next process of 1st pass Wip | FJ3: Next process of 2nd pass Wip | FL3: Standard wastage | FM3: Adv1 Gsm | FN3: Adv2 Gsm | FO3: ply | FP3: 1st Pass GSM | FQ3: 1ST PASS | FR3: 2nd pass | FS3: 1st film Type | FT3: 2nd film Composite Type | FV3: SL SLEEVE SIZE(MM) | FW3: SB-SLEEVE SIZE(MM) | FX3: SL SLEEVE SIZE(MM) | FY3: SB-SLEEVE SIZE(MM) | FZ3: SL SLEEVE | GA3: SB.SLEEVE | GC3: TRIM PTD FILM | GD3: JOB GRADE | GE3: SUB GRADE | GF3: ADH | GG3: CYLN.CIRCUM | GH3: COLOUR | GI3: SLEEVE | GJ3: NORM-MC | GL3: CUST TYPE
A4: JOB NAME-1 | B4: 1005 | D4: PARTY-1 | F4: PET | G4: Chemical | H4: =CONCATENATE(F4," ",G4) -> PET Chemical | I4: 1125 | J4: mm | K4: 12 | L4: 1.4 | M4: =L4*K4 -> 16.8 | N4: Mic | O4: =CONCATENATE(I4,"mm",,"X",K4,N4," ",F4," ",G4) -> 1125mmX12Mic PET Chemical | P4: =IF(T4=0,"SURFACE JOB","-") -> - | Q4: CC Met Pet | R4: ( OD 2.2+) | S4: =CONCATENATE(Q4," ",R4) -> CC Met Pet ( OD 2.2+) | T4: 1115 | U4: mm | V4: 10 | W4: 1.4 | X4: =V4*W4 -> 14 | Z4: =CONCATENATE(T4,"mm","x",V4,"mic"," ",Q4," ",R4) -> 1115mmx10mic CC Met Pet ( OD 2.2+) | AB4: PE | AC4: (Natural) | AD4: =CONCATENATE(AB4," ",AC4) -> PE (Natural) | AE4: 1115 | AG4: 21 | AH4: 0.92 | AI4: =AH4*AG4 -> 19.32 | AK4: =CONCATENATE(AE4,"mm","X ",AG4,"mic"," ",AD4) -> 1115mmX 21mic PE (Natural) | AL4: 104523 | AM4: 103714 | AN4: 103829 | BA4: 220 | BB4: 130 | BD4: 5 | BE4: =BA4*BD4 -> 1100 | BF4: 1 | BG4: =BF4+M4 -> 17.8 | CT4: =I4 -> 1125 | CV4: =IF(CX4>0,"ECL- Job","-") -> ECL- Job | CW4: 1st | CX4: 8 | CY4: White | DC4: =M4+X4+BF4+CX4 -> 39.8 | ED4: Roll | FD4: E | FE4: L | FF4: X | FG4: Extrusion | FH4: solv.Less | FJ4: Slitting | FL4: 1.05 | FN4: 1.7 | FO4: 4PLY | FP4: =IF(CX4>0,(BG4+CX4+X4),(BG4+FM4+X4)) -> 39.8 | FQ4: Extrusion | FR4: Solv.Less | FS4: Printed Film | FT4: 1st Pass Film | FU4: 25 | GC4: =I4-BE4 -> 25 | GD4: SNACKS | GM4: =A4 -> JOB NAME-1
A5: JOB NAME-2 | B5: 1006 | D5: PARTY-2 | F5: PE | G5: (White) | H5: =CONCATENATE(F5," ",G5) -> PE (White) | I5: 985 | J5: mm | K5: 105 | L5: 0.95 | M5: =L5*K5 -> 99.75 | N5: Mic | O5: =CONCATENATE(I5,"mm",,"X",K5,N5," ",F5," ",G5) -> 985mmX105Mic PE (White) | P5: =IF(T5=0,"SURFACE JOB","-") -> SURFACE JOB | S5: =CONCATENATE(Q5," ",R5) | U5: mm | X5: =W5*V5 -> 0 | Z5: =CONCATENATE(T5,"mm","x",V5,"mic"," ",Q5," ",R5) -> mmxmic | AI5: =AH5*AG5 -> 0 | AK5: =CONCATENATE(AE5,"mm","X ",AG5,"mic"," ",AD5) -> mmX mic | AL5: 104795 | BA5: 325 | BB5: 245 | BD5: 3 | BE5: =BA5*BD5 -> 975 | BF5: 0.5 | BG5: =BF5+M5 -> 100.25 | CT5: =I5 -> 985 | CV5: =IF(CX5>0,"ECL- Job","-") -> - | ED5: Roll | FD5: S | FE5: X | FF5: X | FG5: Slitting | FL5: 1 | FO5: 1PLY | FP5: =IF(CX5>0,(BG5+CX5+X5),(BG5+FM5+X5)) -> 100.25 | FQ5: Slitting | FS5: Printed Film | GC5: =I5-BE5 -> 10 | GD5: OIL SURFACE | GM5: =A5 -> JOB NAME-2
A6: JOB NAME-3 | B6: 1007 | D6: PARTY-3 | F6: BOPP | G6: BST | H6: =CONCATENATE(F6," ",G6) -> BOPP BST | I6: 949 | J6: mm | K6: 12 | L6: 0.9 | M6: =L6*K6 -> 10.8 | N6: Mic | O6: =CONCATENATE(I6,"mm",,"X",K6,N6," ",F6," ",G6) -> 949mmX12Mic BOPP BST | P6: =IF(T6=0,"SURFACE JOB","-") -> - | Q6: Met BOPP(HSL) | S6: =CONCATENATE(Q6," ",R6) -> Met BOPP(HSL) | T6: 939 | U6: mm | V6: 18 | W6: 0.9 | X6: =W6*V6 -> 16.2 | Z6: =CONCATENATE(T6,"mm","x",V6,"mic"," ",Q6," ",R6) -> 939mmx18mic Met BOPP(HSL) | AI6: =AH6*AG6 -> 0 | AK6: =CONCATENATE(AE6,"mm","X ",AG6,"mic"," ",AD6) -> mmX mic | AL6: 104787 | AM6: 104788 | BA6: 154 | BB6: 136 | BD6: 6 | BE6: =BA6*BD6 -> 924 | BF6: 1 | BG6: =BF6+M6 -> 11.8 | CT6: =I6 -> 949 | CV6: =IF(CX6>0,"ECL- Job","-") -> ECL- Job | CW6: 1st | CX6: 8 | CY6: White | DC6: =M6+X6+BF6+CX6 -> 36 | ED6: Roll | FD6: E | FE6: X | FF6: X | FG6: Extrusion | FH6: Slitting | FL6: 1.05 | FO6: 3PLY | FP6: =IF(CX6>0,(BG6+CX6+X6),(BG6+FM6+X6)) -> 36 | FQ6: Extrusion | FR6: Slitting | FS6: Printed Film | GC6: =I6-BE6 -> 25 | GD6: BISCUITE | GM6: =A6 -> JOB NAME-3
A7: JOB NAME-4 | B7: 1008 | D7: PARTY-4 | F7: PET | G7: Chemical | H7: =CONCATENATE(F7," ",G7) -> PET Chemical | I7: 1215 | J7: mm | K7: 8 | L7: 1.4 | M7: =L7*K7 -> 11.2 | N7: Mic | O7: =CONCATENATE(I7,"mm",,"X",K7,N7," ",F7," ",G7) -> 1215mmX8Mic PET Chemical | P7: =IF(T7=0,"SURFACE JOB","-") -> - | Q7: Met Pet | R7: Chemical | S7: =CONCATENATE(Q7," ",R7) -> Met Pet Chemical | T7: 1210 | U7: mm | V7: 8 | W7: 1.4 | X7: =V7*W7 -> 11.2 | Z7: =CONCATENATE(T7,"mm","x",V7,"mic"," ",Q7," ",R7) -> 1210mmx8mic Met Pet Chemical | AB7: PE | AC7: (Natural) | AD7: PE (Natural) | AE7: 1215 | AG7: 25 | AH7: 0.92 | AI7: =AH7*AG7 -> 23 | AK7: =CONCATENATE(AE7,"mm","X ",AG7,"mic"," ",AD7) -> 1215mmX 25mic PE (Natural) | AL7: 104399 | AM7: 104402 | AN7: 104432 | BA7: 240 | BB7: 176 | BD7: 5 | BE7: =BA7*BD7 -> 1200 | BF7: 1.2 | BG7: =BF7+M7 -> 12.4 | CT7: =I7 -> 1215 | CV7: =IF(CX7>0,"ECL- Job","-") -> - | ED7: Roll | FD7: L | FE7: L | FF7: S | FG7: solv.Less | FI7: solv.Less | FJ7: Slitting | FL7: 1.05 | FM7: 2.5 | FN7: 1.7 | FO7: 3ply | FP7: =IF(CX7>0,(BG7+CX7+X7),(BG7+FM7+X7)) -> 26.1 | FQ7: Solv.Less | FR7: Solv.Less | FS7: Printed Film | FT7: 1st Pass Film | GC7: =I7-BE7 -> 15 | GD7: FLOW WRAP | GM7: =A7 -> JOB NAME-4
A8: JOB NAME-5 | B8: 1009 | D8: PARTY-5 | F8: PET | G8: Corona | H8: =CONCATENATE(F8," ",G8) -> PET Corona | I8: 1215 | J8: mm | K8: 12 | L8: 1.4 | M8: =L8*K8 -> 16.8 | N8: Mic | O8: =CONCATENATE(I8,"mm",,"X",K8,N8," ",F8," ",G8) -> 1215mmX12Mic PET Corona | P8: =IF(T8=0,"SURFACE JOB","-") -> - | Q8: Met Pet | R8: Corona | S8: Met Pet Corona | T8: 1210 | U8: mm | V8: 12 | W8: 1.4 | X8: =W8*V8 -> 16.8 | Z8: =CONCATENATE(T8,"mm","x",V8,"mic"," ",Q8," ",R8) -> 1210mmx12mic Met Pet Corona | AB8: PE | AC8: (Natural) | AD8: =CONCATENATE(AB8," ",AC8) -> PE (Natural) | AE8: 1215 | AF8: =1*AE8*AI8/1000000 -> 0.044712 | AG8: 40 | AH8: 0.92 | AI8: =AH8*AG8 -> 36.8 | AK8: =CONCATENATE(AE8,"mm","X ",AG8,"mic"," ",AD8) -> 1215mmX 40mic PE (Natural) | AL8: 100019 | AM8: 104783 | AN8: 104847 | BA8: 200 | BB8: 145 | BD8: 6 | BE8: =BA8*BD8 -> 1200 | BF8: 1.2 | BG8: =BF8+M8 -> 18 | CT8: =I8 -> 1215 | CV8: =IF(CX8>0,"ECL- Job","-") -> - | ED8: Roll | EH8: 11.5 | FD8: L | FE8: L | FF8: S | FG8: solv.Less | FI8: solv.Less | FJ8: Slitting | FL8: 1.05 | FM8: 1.6 | FN8: 1.7 | FO8: 3ply | FP8: =IF(CX8>0,(BG8+CX8+X8),(BG8+FM8+X8)) -> 36.4 | FQ8: Solv.Less | FR8: Solv.Less | FS8: Printed Film | FT8: 1st Pass Film | GC8: =I8-BE8 -> 15 | GD8: SPICE | GM8: =A8 -> JOB NAME-5
A9: JOB NAME-6 | B9: 1010 | D9: PARTY-6 | F9: PET | G9: Corona | H9: =CONCATENATE(F9," ",G9) -> PET Corona | I9: 1175 | J9: mm | K9: 12 | L9: 1.4 | M9: =L9*K9 -> 16.8 | N9: Mic | O9: =CONCATENATE(I9,"mm",,"X",K9,N9," ",F9," ",G9) -> 1175mmX12Mic PET Corona | P9: =IF(T9=0,"SURFACE JOB","-") -> - | Q9: PE | R9: (White) | S9: =CONCATENATE(Q9," ",R9) -> PE (White) | T9: 1175 | U9: mm | V9: 33 | W9: 0.94 | X9: =V9*W9 -> 31.02 | Z9: =CONCATENATE(T9,"mm","x",V9,"mic"," ",Q9," ",R9) -> 1175mmx33mic PE (White) | AD9: =CONCATENATE(AB9," ",AC9) | AI9: 0 | AK9: =CONCATENATE(AE9,"mm","X ",AG9,"mic"," ",AD9) -> mmX mic | AL9: 100393 | AV9: =IF(AL9=0,Z9,AK9) -> mmX mic | AW9: 6 | AX9: 1300 | AY9: 588 | AZ9: THE ENGRAVURE | BA9: 232 | BB9: 120 | BD9: 5 | BE9: =BA9*BD9 -> 1160 | BF9: 1 | BG9: =BF9+M9 -> 17.8 | CR9: =BE9+5 -> 1165 | CS9: =CT9-5 -> 1170 | CT9: =I9 -> 1175 | CV9: =IF(CX9>0,"ECL- Job","-") -> - | DD9: 0 | DP9: 300 | ED9: Roll | FD9: B | FE9: X | FF9: X | FG9: solv.Less | FI9: Slitting | FL9: 1.035 | FM9: 2.5 | FO9: 2PLY | FP9: =IF(CX9>0,(BG9+CX9+X9),(BG9+FM9+X9)) -> 51.32 | FQ9: Solv.Less | FS9: Printed Film | FV9: =IF(FD9="L",BE9+5,0) -> 0 | FW9: =IF(FD9="B",BE9+5,0) -> 1165 | FX9: =IF(FE9="L",BE9+5,0) -> 0 | FY9: =IF(FE9="B",BE9+5,0) -> 0 | FZ9: =IF(FV9>0,FV9,FX9) -> 0 | GA9: =IF(FW9>0,FW9,FY9) -> 1165 | GB9: =MATCH(GA9,#REF!,0) -> #REF! | GC9: =I9-BE9 -> 15 | GD9: FLOW WRAP | GM9: =A9 -> JOB NAME-6
H10: =CONCATENATE(F10," ",G10) | J10: mm | M10: =L10*K10 -> 0 | N10: Mic | O10: =CONCATENATE(I10,"mm",,"X",K10,N10," ",F10," ",G10) -> mmXMic | P10: =IF(T10=0,"SURFACE JOB","-") -> SURFACE JOB | S10: =CONCATENATE(Q10," ",R10) | U10: mm | X10: =W10*V10 -> 0 | Z10: =CONCATENATE(T10,"mm","x",V10,"mic"," ",Q10," ",R10) -> mmxmic | AI10: =AH10*AG10 -> 0 | BE10: =BA10*BD10 -> 0 | BG10: =BF10+M10 -> 0 | CT10: =I10 -> 0 | CV10: =IF(CX10>0,"ECL- Job","-") -> - | FP10: =IF(CX10>0,(BG10+CX10+X10),(BG10+FM10+X10)) -> 0 | GC10: =I10-BE10 -> 0 | GM10: =A10 -> 0
H11: =CONCATENATE(F11," ",G11) | J11: mm | M11: =L11*K11 -> 0 | N11: Mic | O11: =CONCATENATE(I11,"mm",,"X",K11,N11," ",F11," ",G11) -> mmXMic | P11: =IF(T11=0,"SURFACE JOB","-") -> SURFACE JOB | S11: =CONCATENATE(Q11," ",R11) | U11: mm | X11: =W11*V11 -> 0 | Z11: =CONCATENATE(T11,"mm","x",V11,"mic"," ",Q11," ",R11) -> mmxmic | AI11: =AH11*AG11 -> 0 | BE11: =BA11*BD11 -> 0 | BG11: =BF11+M11 -> 0 | CT11: =I11 -> 0 | CV11: =IF(CX11>0,"ECL- Job","-") -> - | FP11: =IF(CX11>0,(BG11+CX11+X11),(BG11+FM11+X11)) -> 0 | GC11: =I11-BE11 -> 0 | GM11: =A11 -> 0
H12: =CONCATENATE(F12," ",G12) | J12: mm | M12: =L12*K12 -> 0 | N12: Mic | O12: =CONCATENATE(I12,"mm",,"X",K12,N12," ",F12," ",G12) -> mmXMic | P12: =IF(T12=0,"SURFACE JOB","-") -> SURFACE JOB | S12: =CONCATENATE(Q12," ",R12) | U12: mm | X12: =W12*V12 -> 0 | Z12: =CONCATENATE(T12,"mm","x",V12,"mic"," ",Q12," ",R12) -> mmxmic | AI12: =AH12*AG12 -> 0 | BE12: =BA12*BD12 -> 0 | BG12: =BF12+M12 -> 0 | CT12: =I12 -> 0 | CV12: =IF(CX12>0,"ECL- Job","-") -> - | FP12: =IF(CX12>0,(BG12+CX12+X12),(BG12+FM12+X12)) -> 0 | GC12: =I12-BE12 -> 0 | GM12: =A12 -> 0
H13: =CONCATENATE(F13," ",G13) | J13: mm | M13: =L13*K13 -> 0 | N13: Mic | O13: =CONCATENATE(I13,"mm",,"X",K13,N13," ",F13," ",G13) -> mmXMic | P13: =IF(T13=0,"SURFACE JOB","-") -> SURFACE JOB | S13: =CONCATENATE(Q13," ",R13) | U13: mm | X13: =W13*V13 -> 0 | Z13: =CONCATENATE(T13,"mm","x",V13,"mic"," ",Q13," ",R13) -> mmxmic | AI13: =AH13*AG13 -> 0 | BE13: =BA13*BD13 -> 0 | BG13: =BF13+M13 -> 0 | CT13: =I13 -> 0 | CV13: =IF(CX13>0,"ECL- Job","-") -> - | FP13: =IF(CX13>0,(BG13+CX13+X13),(BG13+FM13+X13)) -> 0 | GC13: =I13-BE13 -> 0 | GM13: =A13 -> 0
H14: =CONCATENATE(F14," ",G14) | J14: mm | M14: =L14*K14 -> 0 | N14: Mic | O14: =CONCATENATE(I14,"mm",,"X",K14,N14," ",F14," ",G14) -> mmXMic | P14: =IF(T14=0,"SURFACE JOB","-") -> SURFACE JOB | S14: =CONCATENATE(Q14," ",R14) | U14: mm | X14: =W14*V14 -> 0 | Z14: =CONCATENATE(T14,"mm","x",V14,"mic"," ",Q14," ",R14) -> mmxmic | AI14: =AH14*AG14 -> 0 | BE14: =BA14*BD14 -> 0 | BG14: =BF14+M14 -> 0 | CT14: =I14 -> 0 | CV14: =IF(CX14>0,"ECL- Job","-") -> - | FP14: =IF(CX14>0,(BG14+CX14+X14),(BG14+FM14+X14)) -> 0 | GC14: =I14-BE14 -> 0 | GM14: =A14 -> 0
H15: =CONCATENATE(F15," ",G15) | J15: mm | M15: =L15*K15 -> 0 | N15: Mic | O15: =CONCATENATE(I15,"mm",,"X",K15,N15," ",F15," ",G15) -> mmXMic | P15: =IF(T15=0,"SURFACE JOB","-") -> SURFACE JOB | S15: =CONCATENATE(Q15," ",R15) | U15: mm | X15: =W15*V15 -> 0 | Z15: =CONCATENATE(T15,"mm","x",V15,"mic"," ",Q15," ",R15) -> mmxmic | AI15: =AH15*AG15 -> 0 | BE15: =BA15*BD15 -> 0 | BG15: =BF15+M15 -> 0 | CT15: =I15 -> 0 | CV15: =IF(CX15>0,"ECL- Job","-") -> - | FP15: =IF(CX15>0,(BG15+CX15+X15),(BG15+FM15+X15)) -> 0 | GC15: =I15-BE15 -> 0 | GM15: =A15 -> 0
H16: =CONCATENATE(F16," ",G16) | J16: mm | M16: =L16*K16 -> 0 | N16: Mic | O16: =CONCATENATE(I16,"mm",,"X",K16,N16," ",F16," ",G16) -> mmXMic | P16: =IF(T16=0,"SURFACE JOB","-") -> SURFACE JOB | S16: =CONCATENATE(Q16," ",R16) | U16: mm | X16: =W16*V16 -> 0 | Z16: =CONCATENATE(T16,"mm","x",V16,"mic"," ",Q16," ",R16) -> mmxmic | AI16: =AH16*AG16 -> 0 | BE16: =BA16*BD16 -> 0 | BG16: =BF16+M16 -> 0 | CT16: =I16 -> 0 | CV16: =IF(CX16>0,"ECL- Job","-") -> - | FP16: =IF(CX16>0,(BG16+CX16+X16),(BG16+FM16+X16)) -> 0 | GC16: =I16-BE16 -> 0 | GM16: =A16 -> 0
H17: =CONCATENATE(F17," ",G17) | J17: mm | M17: =L17*K17 -> 0 | N17: Mic | O17: =CONCATENATE(I17,"mm",,"X",K17,N17," ",F17," ",G17) -> mmXMic | P17: =IF(T17=0,"SURFACE JOB","-") -> SURFACE JOB | S17: =CONCATENATE(Q17," ",R17) | U17: mm | X17: =W17*V17 -> 0 | Z17: =CONCATENATE(T17,"mm","x",V17,"mic"," ",Q17," ",R17) -> mmxmic | AI17: =AH17*AG17 -> 0 | BE17: =BA17*BD17 -> 0 | BG17: =BF17+M17 -> 0 | CT17: =I17 -> 0 | CV17: =IF(CX17>0,"ECL- Job","-") -> - | FP17: =IF(CX17>0,(BG17+CX17+X17),(BG17+FM17+X17)) -> 0 | GC17: =I17-BE17 -> 0 | GM17: =A17 -> 0
H18: =CONCATENATE(F18," ",G18) | J18: mm | M18: =L18*K18 -> 0 | N18: Mic | O18: =CONCATENATE(I18,"mm",,"X",K18,N18," ",F18," ",G18) -> mmXMic | P18: =IF(T18=0,"SURFACE JOB","-") -> SURFACE JOB | S18: =CONCATENATE(Q18," ",R18) | U18: mm | X18: =W18*V18 -> 0 | Z18: =CONCATENATE(T18,"mm","x",V18,"mic"," ",Q18," ",R18) -> mmxmic | AI18: =AH18*AG18 -> 0 | BE18: =BA18*BD18 -> 0 | BG18: =BF18+M18 -> 0 | CT18: =I18 -> 0 | CV18: =IF(CX18>0,"ECL- Job","-") -> - | FP18: =IF(CX18>0,(BG18+CX18+X18),(BG18+FM18+X18)) -> 0 | GC18: =I18-BE18 -> 0 | GM18: =A18 -> 0
H19: =CONCATENATE(F19," ",G19) | J19: mm | M19: =L19*K19 -> 0 | N19: Mic | O19: =CONCATENATE(I19,"mm",,"X",K19,N19," ",F19," ",G19) -> mmXMic | P19: =IF(T19=0,"SURFACE JOB","-") -> SURFACE JOB | S19: =CONCATENATE(Q19," ",R19) | U19: mm | X19: =W19*V19 -> 0 | Z19: =CONCATENATE(T19,"mm","x",V19,"mic"," ",Q19," ",R19) -> mmxmic | AI19: =AH19*AG19 -> 0 | BE19: =BA19*BD19 -> 0 | BG19: =BF19+M19 -> 0 | CT19: =I19 -> 0 | CV19: =IF(CX19>0,"ECL- Job","-") -> - | FP19: =IF(CX19>0,(BG19+CX19+X19),(BG19+FM19+X19)) -> 0 | GC19: =I19-BE19 -> 0 | GM19: =A19 -> 0
